INFO:     Will watch for changes in these directories: ['/Users/luialvarado/Documents/GitHub/Docmind_IA/backend']
INFO:     Uvicorn running on http://127.0.0.1:8000 (Press CTRL+C to quit)
INFO:     Started reloader process [21893] using WatchFiles
/Users/luialvarado/Documents/GitHub/Docmind_IA/backend/.venv/lib/python3.9/site-packages/google/oauth2/__init__.py:40: FutureWarning: You are using a Python version 3.9 past its end of life. Google will update google-auth with critical bug fixes on a best-effort basis, but not with any other fixes or features. Please upgrade your Python version, and then update google-auth.
  warnings.warn(eol_message.format("3.9"), FutureWarning)
/Users/luialvarado/Documents/GitHub/Docmind_IA/backend/.venv/lib/python3.9/site-packages/google/auth/__init__.py:54: FutureWarning: You are using a Python version 3.9 past its end of life. Google will update google-auth with critical bug fixes on a best-effort basis, but not with any other fixes or features. Please upgrade your Python version, and then update google-auth.
  warnings.warn(eol_message.format("3.9"), FutureWarning)
/Users/luialvarado/Documents/GitHub/Docmind_IA/backend/.venv/lib/python3.9/site-packages/urllib3/__init__.py:35: NotOpenSSLWarning: urllib3 v2 only supports OpenSSL 1.1.1+, currently the 'ssl' module is compiled with 'LibreSSL 2.8.3'. See: https://github.com/urllib3/urllib3/issues/3020
  warnings.warn(
INFO:     Started server process [21897]
INFO:     Waiting for application startup.
INFO:     Application startup complete.
INFO:     127.0.0.1:56721 - "POST /auth/login HTTP/1.1" 200 OK
INFO:     127.0.0.1:56722 - "DELETE /chat/conversations/1 HTTP/1.1" 200 OK
INFO:     127.0.0.1:57349 - "OPTIONS /documents HTTP/1.1" 200 OK
INFO:     127.0.0.1:57350 - "OPTIONS /chat/conversations HTTP/1.1" 200 OK
INFO:     127.0.0.1:57349 - "GET /documents HTTP/1.1" 200 OK
INFO:     127.0.0.1:57350 - "GET /chat/conversations HTTP/1.1" 200 OK
INFO:     127.0.0.1:57352 - "OPTIONS /upload HTTP/1.1" 200 OK
INFO:     127.0.0.1:57354 - "OPTIONS /upload HTTP/1.1" 200 OK
INFO:     127.0.0.1:57352 - "OPTIONS /upload HTTP/1.1" 200 OK
INFO:     127.0.0.1:57354 - "OPTIONS /upload HTTP/1.1" 200 OK

🔍 Hechos agrupados:
  Mariana Torres: {'nombre': 'Mariana Torres', 'tecnologia': 'html css javascript react intereses: desarrollo frontend y diseño ui/ux.'}

📋 Reglas a evaluar (5):
  - Experiencia > 4 años → [{'atributo': 'experiencia_anios', 'operador': '>', 'valor': 4}] → +10 pts
  - Sabe Python → [{'atributo': 'tecnologia', 'operador': 'contains', 'valor': 'python'}] → +8 pts
  - Sabe Docker → [{'atributo': 'tecnologia', 'operador': 'contains', 'valor': 'docker'}] → +5 pts
  - Sabe Kubernetes → [{'atributo': 'tecnologia', 'operador': 'contains', 'valor': 'kubernetes'}] → +7 pts
  - Sabe AWS → [{'atributo': 'tecnologia', 'operador': 'contains', 'valor': 'aws'}] → +6 pts

🔍 Hechos agrupados:
  Laura Martínez: {'nombre': 'Laura Martínez', 'tecnologia': ['sql', 'python']}

📋 Reglas a evaluar (5):
  - Experiencia > 4 años → [{'atributo': 'experiencia_anios', 'operador': '>', 'valor': 4}] → +10 pts
  - Sabe Python → [{'atributo': 'tecnologia', 'operador': 'contains', 'valor': 'python'}] → +8 pts
  - Sabe Docker → [{'atributo': 'tecnologia', 'operador': 'contains', 'valor': 'docker'}] → +5 pts
  - Sabe Kubernetes → [{'atributo': 'tecnologia', 'operador': 'contains', 'valor': 'kubernetes'}] → +7 pts
  - Sabe AWS → [{'atributo': 'tecnologia', 'operador': 'contains', 'valor': 'aws'}] → +6 pts
✅ Laura Martínez cumple Sabe Python

🔍 Hechos agrupados:
  Desconocido: {'nombre': 'Desconocido', 'tecnologia': 'docker'}

📋 Reglas a evaluar (5):
  - Experiencia > 4 años → [{'atributo': 'experiencia_anios', 'operador': '>', 'valor': 4}] → +10 pts
  - Sabe Python → [{'atributo': 'tecnologia', 'operador': 'contains', 'valor': 'python'}] → +8 pts
  - Sabe Docker → [{'atributo': 'tecnologia', 'operador': 'contains', 'valor': 'docker'}] → +5 pts
  - Sabe Kubernetes → [{'atributo': 'tecnologia', 'operador': 'contains', 'valor': 'kubernetes'}] → +7 pts
  - Sabe AWS → [{'atributo': 'tecnologia', 'operador': 'contains', 'valor': 'aws'}] → +6 pts
✅ Desconocido cumple Sabe Docker

🔍 Hechos agrupados:
  Carlos Ramírez: {'nombre': 'Carlos Ramírez', 'experiencia_anios': '3', 'tecnologia': 'docker kubernetes react aws'}

📋 Reglas a evaluar (5):
  - Experiencia > 4 años → [{'atributo': 'experiencia_anios', 'operador': '>', 'valor': 4}] → +10 pts
  - Sabe Python → [{'atributo': 'tecnologia', 'operador': 'contains', 'valor': 'python'}] → +8 pts
  - Sabe Docker → [{'atributo': 'tecnologia', 'operador': 'contains', 'valor': 'docker'}] → +5 pts
  - Sabe Kubernetes → [{'atributo': 'tecnologia', 'operador': 'contains', 'valor': 'kubernetes'}] → +7 pts
  - Sabe AWS → [{'atributo': 'tecnologia', 'operador': 'contains', 'valor': 'aws'}] → +6 pts
✅ Carlos Ramírez cumple Sabe Docker
✅ Carlos Ramírez cumple Sabe Kubernetes
✅ Carlos Ramírez cumple Sabe AWS
INFO:     127.0.0.1:57395 - "POST /upload HTTP/1.1" 200 OK
INFO:     127.0.0.1:57396 - "POST /upload HTTP/1.1" 200 OK
INFO:     127.0.0.1:57352 - "POST /upload HTTP/1.1" 200 OK
INFO:     127.0.0.1:57354 - "POST /upload HTTP/1.1" 200 OK
INFO:     127.0.0.1:57395 - "GET /documents HTTP/1.1" 200 OK
INFO:     127.0.0.1:57395 - "GET /documents HTTP/1.1" 200 OK
INFO:     127.0.0.1:57395 - "GET /documents HTTP/1.1" 200 OK
INFO:     127.0.0.1:57395 - "GET /documents HTTP/1.1" 200 OK
INFO:     127.0.0.1:57395 - "GET /rules HTTP/1.1" 200 OK
INFO:     127.0.0.1:57354 - "GET /stats HTTP/1.1" 200 OK
INFO:     127.0.0.1:57354 - "GET /rules HTTP/1.1" 200 OK
INFO:     127.0.0.1:57395 - "GET /stats HTTP/1.1" 200 OK
INFO:     127.0.0.1:58332 - "GET /chat/conversations HTTP/1.1" 200 OK
INFO:     127.0.0.1:58331 - "GET /documents HTTP/1.1" 200 OK
INFO:     127.0.0.1:58331 - "DELETE /documents/clear HTTP/1.1" 200 OK
INFO:     127.0.0.1:58331 - "GET /documents HTTP/1.1" 200 OK

🔍 Hechos agrupados:
  Juan Pérez: {'nombre': 'Juan Pérez', 'tecnologia': ['fastapi', 'react', 'python', 'docker']}

📋 Reglas a evaluar (5):
  - Experiencia > 4 años → [{'atributo': 'experiencia_anios', 'operador': '>', 'valor': 4}] → +10 pts
  - Sabe Python → [{'atributo': 'tecnologia', 'operador': 'contains', 'valor': 'python'}] → +8 pts
  - Sabe Docker → [{'atributo': 'tecnologia', 'operador': 'contains', 'valor': 'docker'}] → +5 pts
  - Sabe Kubernetes → [{'atributo': 'tecnologia', 'operador': 'contains', 'valor': 'kubernetes'}] → +7 pts
  - Sabe AWS → [{'atributo': 'tecnologia', 'operador': 'contains', 'valor': 'aws'}] → +6 pts
✅ Juan Pérez cumple Sabe Python
✅ Juan Pérez cumple Sabe Docker

🔍 Hechos agrupados:
  Mariana Torres: {'nombre': 'Mariana Torres', 'tecnologia': 'html css javascript react intereses: desarrollo frontend y diseño ui/ux.'}

📋 Reglas a evaluar (5):
  - Experiencia > 4 años → [{'atributo': 'experiencia_anios', 'operador': '>', 'valor': 4}] → +10 pts
  - Sabe Python → [{'atributo': 'tecnologia', 'operador': 'contains', 'valor': 'python'}] → +8 pts
  - Sabe Docker → [{'atributo': 'tecnologia', 'operador': 'contains', 'valor': 'docker'}] → +5 pts
  - Sabe Kubernetes → [{'atributo': 'tecnologia', 'operador': 'contains', 'valor': 'kubernetes'}] → +7 pts
  - Sabe AWS → [{'atributo': 'tecnologia', 'operador': 'contains', 'valor': 'aws'}] → +6 pts

🔍 Hechos agrupados:
  Laura Martínez: {'nombre': 'Laura Martínez', 'tecnologia': ['sql', 'python']}

📋 Reglas a evaluar (5):
  - Experiencia > 4 años → [{'atributo': 'experiencia_anios', 'operador': '>', 'valor': 4}] → +10 pts
  - Sabe Python → [{'atributo': 'tecnologia', 'operador': 'contains', 'valor': 'python'}] → +8 pts
  - Sabe Docker → [{'atributo': 'tecnologia', 'operador': 'contains', 'valor': 'docker'}] → +5 pts
  - Sabe Kubernetes → [{'atributo': 'tecnologia', 'operador': 'contains', 'valor': 'kubernetes'}] → +7 pts
  - Sabe AWS → [{'atributo': 'tecnologia', 'operador': 'contains', 'valor': 'aws'}] → +6 pts
✅ Laura Martínez cumple Sabe Python

🔍 Hechos agrupados:
  Desconocido: {'nombre': 'Desconocido', 'tecnologia': 'docker'}

📋 Reglas a evaluar (5):
  - Experiencia > 4 años → [{'atributo': 'experiencia_anios', 'operador': '>', 'valor': 4}] → +10 pts
  - Sabe Python → [{'atributo': 'tecnologia', 'operador': 'contains', 'valor': 'python'}] → +8 pts
  - Sabe Docker → [{'atributo': 'tecnologia', 'operador': 'contains', 'valor': 'docker'}] → +5 pts
  - Sabe Kubernetes → [{'atributo': 'tecnologia', 'operador': 'contains', 'valor': 'kubernetes'}] → +7 pts
  - Sabe AWS → [{'atributo': 'tecnologia', 'operador': 'contains', 'valor': 'aws'}] → +6 pts
✅ Desconocido cumple Sabe Docker

🔍 Hechos agrupados:
  Carlos Ramírez: {'nombre': 'Carlos Ramírez', 'experiencia_anios': '3', 'tecnologia': 'docker kubernetes react aws'}

📋 Reglas a evaluar (5):
  - Experiencia > 4 años → [{'atributo': 'experiencia_anios', 'operador': '>', 'valor': 4}] → +10 pts
  - Sabe Python → [{'atributo': 'tecnologia', 'operador': 'contains', 'valor': 'python'}] → +8 pts
  - Sabe Docker → [{'atributo': 'tecnologia', 'operador': 'contains', 'valor': 'docker'}] → +5 pts
  - Sabe Kubernetes → [{'atributo': 'tecnologia', 'operador': 'contains', 'valor': 'kubernetes'}] → +7 pts
  - Sabe AWS → [{'atributo': 'tecnologia', 'operador': 'contains', 'valor': 'aws'}] → +6 pts
✅ Carlos Ramírez cumple Sabe Docker
✅ Carlos Ramírez cumple Sabe Kubernetes
✅ Carlos Ramírez cumple Sabe AWS
INFO:     127.0.0.1:58331 - "POST /upload HTTP/1.1" 200 OK

🔍 Hechos agrupados:
  María González: {'nombre': 'María González', 'experiencia_anios': '5', 'tecnologia': ['sql', 'python', 'kubernetes', 'react', 'docker', 'aws', 'java', 'typescript']}

📋 Reglas a evaluar (5):
  - Experiencia > 4 años → [{'atributo': 'experiencia_anios', 'operador': '>', 'valor': 4}] → +10 pts
  - Sabe Python → [{'atributo': 'tecnologia', 'operador': 'contains', 'valor': 'python'}] → +8 pts
  - Sabe Docker → [{'atributo': 'tecnologia', 'operador': 'contains', 'valor': 'docker'}] → +5 pts
  - Sabe Kubernetes → [{'atributo': 'tecnologia', 'operador': 'contains', 'valor': 'kubernetes'}] → +7 pts
  - Sabe AWS → [{'atributo': 'tecnologia', 'operador': 'contains', 'valor': 'aws'}] → +6 pts
✅ María González cumple Experiencia > 4 años
✅ María González cumple Sabe Python
✅ María González cumple Sabe Docker
✅ María González cumple Sabe Kubernetes
✅ María González cumple Sabe AWS
INFO:     127.0.0.1:58367 - "POST /upload HTTP/1.1" 200 OK
INFO:     127.0.0.1:58370 - "POST /upload HTTP/1.1" 200 OK
INFO:     127.0.0.1:58371 - "POST /upload HTTP/1.1" 200 OK
INFO:     127.0.0.1:58373 - "POST /upload HTTP/1.1" 200 OK
INFO:     127.0.0.1:58375 - "POST /upload HTTP/1.1" 200 OK

🔍 Hechos agrupados:
  Juan Pérez: {'nombre': 'Juan Pérez', 'experiencia_anios': '5', 'tecnologia': 'python sql'}

📋 Reglas a evaluar (5):
  - Experiencia > 4 años → [{'atributo': 'experiencia_anios', 'operador': '>', 'valor': 4}] → +10 pts
  - Sabe Python → [{'atributo': 'tecnologia', 'operador': 'contains', 'valor': 'python'}] → +8 pts
  - Sabe Docker → [{'atributo': 'tecnologia', 'operador': 'contains', 'valor': 'docker'}] → +5 pts
  - Sabe Kubernetes → [{'atributo': 'tecnologia', 'operador': 'contains', 'valor': 'kubernetes'}] → +7 pts
  - Sabe AWS → [{'atributo': 'tecnologia', 'operador': 'contains', 'valor': 'aws'}] → +6 pts
✅ Juan Pérez cumple Experiencia > 4 años
✅ Juan Pérez cumple Sabe Python
INFO:     127.0.0.1:58331 - "POST /upload HTTP/1.1" 200 OK
INFO:     127.0.0.1:58367 - "GET /documents HTTP/1.1" 200 OK
INFO:     127.0.0.1:58367 - "GET /documents HTTP/1.1" 200 OK
INFO:     127.0.0.1:58367 - "GET /documents HTTP/1.1" 200 OK
INFO:     127.0.0.1:58367 - "GET /documents HTTP/1.1" 200 OK
INFO:     127.0.0.1:58367 - "GET /documents HTTP/1.1" 200 OK
INFO:     127.0.0.1:58367 - "GET /documents HTTP/1.1" 200 OK
INFO:     127.0.0.1:58367 - "GET /documents HTTP/1.1" 200 OK
WARNING:  WatchFiles detected changes in 'app/extraction/extractor.py'. Reloading...
INFO:     Shutting down
INFO:     Waiting for application shutdown.
INFO:     Application shutdown complete.
INFO:     Finished server process [21897]
/Users/luialvarado/Documents/GitHub/Docmind_IA/backend/.venv/lib/python3.9/site-packages/google/oauth2/__init__.py:40: FutureWarning: You are using a Python version 3.9 past its end of life. Google will update google-auth with critical bug fixes on a best-effort basis, but not with any other fixes or features. Please upgrade your Python version, and then update google-auth.
  warnings.warn(eol_message.format("3.9"), FutureWarning)
/Users/luialvarado/Documents/GitHub/Docmind_IA/backend/.venv/lib/python3.9/site-packages/google/auth/__init__.py:54: FutureWarning: You are using a Python version 3.9 past its end of life. Google will update google-auth with critical bug fixes on a best-effort basis, but not with any other fixes or features. Please upgrade your Python version, and then update google-auth.
  warnings.warn(eol_message.format("3.9"), FutureWarning)
/Users/luialvarado/Documents/GitHub/Docmind_IA/backend/.venv/lib/python3.9/site-packages/urllib3/__init__.py:35: NotOpenSSLWarning: urllib3 v2 only supports OpenSSL 1.1.1+, currently the 'ssl' module is compiled with 'LibreSSL 2.8.3'. See: https://github.com/urllib3/urllib3/issues/3020
  warnings.warn(
INFO:     Started server process [25118]
INFO:     Waiting for application startup.
INFO:     Application startup complete.
INFO:     127.0.0.1:59212 - "GET /chat/conversations HTTP/1.1" 200 OK
INFO:     127.0.0.1:59211 - "GET /documents HTTP/1.1" 200 OK
INFO:     127.0.0.1:59253 - "OPTIONS /documents/clear HTTP/1.1" 200 OK
INFO:     127.0.0.1:59253 - "DELETE /documents/clear HTTP/1.1" 200 OK
INFO:     127.0.0.1:59253 - "GET /documents HTTP/1.1" 200 OK
Texto extraído (primeros 200 chars): Juan Pérez Ingeniero de Sistemas Experiencia laboral: 5 años trabajando en desarrollo backend. Habilidades: Python FastAPI React Docker ...
   ✅ Experiencia detectada: 5 años
   ✅ Tecnología detectada: python fastapi react docker
Total hechos guardados: 3

🔍 Hechos agrupados:
  Juan Pérez: {'nombre': 'Juan Pérez', 'experiencia_anios': '5', 'tecnologia': 'python fastapi react docker'}

📋 Reglas a evaluar (5):
  - Experiencia > 4 años → [{'atributo': 'experiencia_anios', 'operador': '>', 'valor': 4}] → +10 pts
  - Sabe Python → [{'atributo': 'tecnologia', 'operador': 'contains', 'valor': 'python'}] → +8 pts
  - Sabe Docker → [{'atributo': 'tecnologia', 'operador': 'contains', 'valor': 'docker'}] → +5 pts
  - Sabe Kubernetes → [{'atributo': 'tecnologia', 'operador': 'contains', 'valor': 'kubernetes'}] → +7 pts
  - Sabe AWS → [{'atributo': 'tecnologia', 'operador': 'contains', 'valor': 'aws'}] → +6 pts
✅ Juan Pérez cumple Experiencia > 4 años
✅ Juan Pérez cumple Sabe Python
✅ Juan Pérez cumple Sabe Docker
Texto extraído (primeros 200 chars): Mariana Torres Perfil: Estudiante de Ingeniería de Sistemas. Experiencia: 1 año de prácticas universitarias. Tecnologías: HTML CSS JavaScript React Intereses: Desarrollo frontend y diseño UI/UX. ...
   ✅ Experiencia detectada: 1 años
   ✅ Tecnología detectada: html css javascript react intereses: desarrollo frontend y diseño ui/ux
Total hechos guardados: 3

🔍 Hechos agrupados:
  Mariana Torres: {'nombre': 'Mariana Torres', 'experiencia_anios': '1', 'tecnologia': 'html css javascript react intereses: desarrollo frontend y diseño ui/ux'}

📋 Reglas a evaluar (5):
  - Experiencia > 4 años → [{'atributo': 'experiencia_anios', 'operador': '>', 'valor': 4}] → +10 pts
  - Sabe Python → [{'atributo': 'tecnologia', 'operador': 'contains', 'valor': 'python'}] → +8 pts
  - Sabe Docker → [{'atributo': 'tecnologia', 'operador': 'contains', 'valor': 'docker'}] → +5 pts
  - Sabe Kubernetes → [{'atributo': 'tecnologia', 'operador': 'contains', 'valor': 'kubernetes'}] → +7 pts
  - Sabe AWS → [{'atributo': 'tecnologia', 'operador': 'contains', 'valor': 'aws'}] → +6 pts
INFO:     127.0.0.1:59255 - "POST /upload HTTP/1.1" 200 OK
Texto extraído (primeros 200 chars): Laura Martínez Analista de Datos Experiencia laboral: 5 años realizando análisis estadístico y procesamiento de datos. Herramientas: Python Pandas Power BI SQL Conocimientos: Machine Learning Visualiz...
   ✅ Experiencia detectada: 5 años
   ✅ Tecnología detectada: sql
   ✅ Tecnología detectada: python
Total hechos guardados: 4

🔍 Hechos agrupados:
  Laura Martínez: {'nombre': 'Laura Martínez', 'experiencia_anios': '5', 'tecnologia': ['sql', 'python']}

📋 Reglas a evaluar (5):
  - Experiencia > 4 años → [{'atributo': 'experiencia_anios', 'operador': '>', 'valor': 4}] → +10 pts
  - Sabe Python → [{'atributo': 'tecnologia', 'operador': 'contains', 'valor': 'python'}] → +8 pts
  - Sabe Docker → [{'atributo': 'tecnologia', 'operador': 'contains', 'valor': 'docker'}] → +5 pts
  - Sabe Kubernetes → [{'atributo': 'tecnologia', 'operador': 'contains', 'valor': 'kubernetes'}] → +7 pts
  - Sabe AWS → [{'atributo': 'tecnologia', 'operador': 'contains', 'valor': 'aws'}] → +6 pts
✅ Laura Martínez cumple Experiencia > 4 años
✅ Laura Martínez cumple Sabe Python
Texto extraído (primeros 200 chars): INFORME TÉCNICO Proyecto: Modernización de infraestructura tecnológica. Responsable: Ingeniero de Sistemas Andrés López. Duración del proyecto: 5 años. Tecnologías implementadas: Docker Linux Servidor...
   ✅ Experiencia detectada: 5 años
   ✅ Tecnología detectada: docker
Total hechos guardados: 3

🔍 Hechos agrupados:
  Sistemas Andrés: {'nombre': 'Sistemas Andrés', 'experiencia_anios': '5', 'tecnologia': 'docker'}

📋 Reglas a evaluar (5):
  - Experiencia > 4 años → [{'atributo': 'experiencia_anios', 'operador': '>', 'valor': 4}] → +10 pts
  - Sabe Python → [{'atributo': 'tecnologia', 'operador': 'contains', 'valor': 'python'}] → +8 pts
  - Sabe Docker → [{'atributo': 'tecnologia', 'operador': 'contains', 'valor': 'docker'}] → +5 pts
  - Sabe Kubernetes → [{'atributo': 'tecnologia', 'operador': 'contains', 'valor': 'kubernetes'}] → +7 pts
  - Sabe AWS → [{'atributo': 'tecnologia', 'operador': 'contains', 'valor': 'aws'}] → +6 pts
✅ Sistemas Andrés cumple Experiencia > 4 años
✅ Sistemas Andrés cumple Sabe Docker
Texto extraído (primeros 200 chars): Carlos Ramírez Ingeniero de Software Perfil Profesional: Desarrollador backend especializado en microservicios y APIs REST. Experiencia: 3 años trabajando con Python, FastAPI y PostgreSQL. Tecnologías...
   ✅ Experiencia detectada: 3 años
   ✅ Tecnología detectada: docker kubernetes react aws
Total hechos guardados: 3

🔍 Hechos agrupados:
  Carlos Ramírez: {'nombre': 'Carlos Ramírez', 'experiencia_anios': '3', 'tecnologia': 'docker kubernetes react aws'}

📋 Reglas a evaluar (5):
  - Experiencia > 4 años → [{'atributo': 'experiencia_anios', 'operador': '>', 'valor': 4}] → +10 pts
  - Sabe Python → [{'atributo': 'tecnologia', 'operador': 'contains', 'valor': 'python'}] → +8 pts
  - Sabe Docker → [{'atributo': 'tecnologia', 'operador': 'contains', 'valor': 'docker'}] → +5 pts
  - Sabe Kubernetes → [{'atributo': 'tecnologia', 'operador': 'contains', 'valor': 'kubernetes'}] → +7 pts
  - Sabe AWS → [{'atributo': 'tecnologia', 'operador': 'contains', 'valor': 'aws'}] → +6 pts
✅ Carlos Ramírez cumple Sabe Docker
✅ Carlos Ramírez cumple Sabe Kubernetes
✅ Carlos Ramírez cumple Sabe AWS
Texto extraído (primeros 200 chars): María González Ingeniero de Software Senior Perfil Profesional: Arquitecta de soluciones cloud con enfoque en sistemas distribuidos y liderazgo técnico. PMP certificada con experiencia en metodologías...
   ✅ Experiencia detectada: 5 años
   ✅ Tecnología detectada: sql
   ✅ Tecnología detectada: react
   ✅ Tecnología detectada: typescript
   ✅ Tecnología detectada: kubernetes
   ✅ Tecnología detectada: aws
   ✅ Tecnología detectada: java
   ✅ Tecnología detectada: python
   ✅ Tecnología detectada: docker
Total hechos guardados: 10

🔍 Hechos agrupados:
  María González: {'nombre': 'María González', 'experiencia_anios': '5', 'tecnologia': ['sql', 'react', 'typescript', 'kubernetes', 'aws', 'java', 'python', 'docker']}

📋 Reglas a evaluar (5):
  - Experiencia > 4 años → [{'atributo': 'experiencia_anios', 'operador': '>', 'valor': 4}] → +10 pts
  - Sabe Python → [{'atributo': 'tecnologia', 'operador': 'contains', 'valor': 'python'}] → +8 pts
  - Sabe Docker → [{'atributo': 'tecnologia', 'operador': 'contains', 'valor': 'docker'}] → +5 pts
  - Sabe Kubernetes → [{'atributo': 'tecnologia', 'operador': 'contains', 'valor': 'kubernetes'}] → +7 pts
  - Sabe AWS → [{'atributo': 'tecnologia', 'operador': 'contains', 'valor': 'aws'}] → +6 pts
✅ María González cumple Experiencia > 4 años
✅ María González cumple Sabe Python
✅ María González cumple Sabe Docker
✅ María González cumple Sabe Kubernetes
✅ María González cumple Sabe AWS
INFO:     127.0.0.1:59277 - "POST /upload HTTP/1.1" 200 OK
INFO:     127.0.0.1:59280 - "POST /upload HTTP/1.1" 200 OK
INFO:     127.0.0.1:59281 - "POST /upload HTTP/1.1" 200 OK
INFO:     127.0.0.1:59283 - "POST /upload HTTP/1.1" 200 OK
INFO:     127.0.0.1:59285 - "POST /upload HTTP/1.1" 200 OK
Texto extraído (primeros 200 chars): Juan Pérez Técnico en Sistemas Perfil Profesional: Soporte técnico y administración de redes pequeñas. Experiencia: 5 años trabajando en mesa de ayuda y mantenimiento de equipos. Tecnologías: Python S...
   ✅ Experiencia detectada: 5 años
   ✅ Tecnología detectada: python sql
Total hechos guardados: 3

🔍 Hechos agrupados:
  Juan Pérez: {'nombre': 'Juan Pérez', 'experiencia_anios': '5', 'tecnologia': 'python sql'}

📋 Reglas a evaluar (5):
  - Experiencia > 4 años → [{'atributo': 'experiencia_anios', 'operador': '>', 'valor': 4}] → +10 pts
  - Sabe Python → [{'atributo': 'tecnologia', 'operador': 'contains', 'valor': 'python'}] → +8 pts
  - Sabe Docker → [{'atributo': 'tecnologia', 'operador': 'contains', 'valor': 'docker'}] → +5 pts
  - Sabe Kubernetes → [{'atributo': 'tecnologia', 'operador': 'contains', 'valor': 'kubernetes'}] → +7 pts
  - Sabe AWS → [{'atributo': 'tecnologia', 'operador': 'contains', 'valor': 'aws'}] → +6 pts
✅ Juan Pérez cumple Experiencia > 4 años
✅ Juan Pérez cumple Sabe Python
INFO:     127.0.0.1:59255 - "POST /upload HTTP/1.1" 200 OK
INFO:     127.0.0.1:59277 - "GET /documents HTTP/1.1" 200 OK
INFO:     127.0.0.1:59277 - "GET /documents HTTP/1.1" 200 OK
INFO:     127.0.0.1:59277 - "GET /documents HTTP/1.1" 200 OK
INFO:     127.0.0.1:59277 - "GET /documents HTTP/1.1" 200 OK
INFO:     127.0.0.1:59277 - "GET /documents HTTP/1.1" 200 OK
INFO:     127.0.0.1:59277 - "GET /documents HTTP/1.1" 200 OK
INFO:     127.0.0.1:59277 - "GET /documents HTTP/1.1" 200 OK
INFO:     127.0.0.1:59315 - "OPTIONS /rules HTTP/1.1" 200 OK
INFO:     127.0.0.1:59317 - "OPTIONS /stats HTTP/1.1" 200 OK
INFO:     127.0.0.1:59319 - "OPTIONS /rules HTTP/1.1" 200 OK
INFO:     127.0.0.1:59320 - "OPTIONS /stats HTTP/1.1" 200 OK
INFO:     127.0.0.1:59315 - "GET /rules HTTP/1.1" 200 OK
INFO:     127.0.0.1:59317 - "GET /stats HTTP/1.1" 200 OK
INFO:     127.0.0.1:59315 - "GET /rules HTTP/1.1" 200 OK
INFO:     127.0.0.1:59317 - "GET /stats HTTP/1.1" 200 OK
WARNING:  WatchFiles detected changes in 'app/extraction/extractor.py'. Reloading...
INFO:     Shutting down
INFO:     Waiting for application shutdown.
INFO:     Application shutdown complete.
INFO:     Finished server process [25118]
Process SpawnProcess-3:
Traceback (most recent call last):
  File "/Library/Developer/CommandLineTools/Library/Frameworks/Python3.framework/Versions/3.9/lib/python3.9/multiprocessing/process.py", line 315, in _bootstrap
    self.run()
  File "/Library/Developer/CommandLineTools/Library/Frameworks/Python3.framework/Versions/3.9/lib/python3.9/multiprocessing/process.py", line 108, in run
    self._target(*self._args, **self._kwargs)
  File "/Users/luialvarado/Documents/GitHub/Docmind_IA/backend/.venv/lib/python3.9/site-packages/uvicorn/_subprocess.py", line 80, in subprocess_started
    target(sockets=sockets)
  File "/Users/luialvarado/Documents/GitHub/Docmind_IA/backend/.venv/lib/python3.9/site-packages/uvicorn/server.py", line 65, in run
    return asyncio.run(self.serve(sockets=sockets))
  File "/Library/Developer/CommandLineTools/Library/Frameworks/Python3.framework/Versions/3.9/lib/python3.9/asyncio/runners.py", line 44, in run
    return loop.run_until_complete(main)
  File "uvloop/loop.pyx", line 1518, in uvloop.loop.Loop.run_until_complete
  File "/Users/luialvarado/Documents/GitHub/Docmind_IA/backend/.venv/lib/python3.9/site-packages/uvicorn/server.py", line 69, in serve
    await self._serve(sockets)
  File "/Users/luialvarado/Documents/GitHub/Docmind_IA/backend/.venv/lib/python3.9/site-packages/uvicorn/server.py", line 76, in _serve
    config.load()
  File "/Users/luialvarado/Documents/GitHub/Docmind_IA/backend/.venv/lib/python3.9/site-packages/uvicorn/config.py", line 434, in load
    self.loaded_app = import_from_string(self.app)
  File "/Users/luialvarado/Documents/GitHub/Docmind_IA/backend/.venv/lib/python3.9/site-packages/uvicorn/importer.py", line 19, in import_from_string
    module = importlib.import_module(module_str)
  File "/Library/Developer/CommandLineTools/Library/Frameworks/Python3.framework/Versions/3.9/lib/python3.9/importlib/__init__.py", line 127, in import_module
    return _bootstrap._gcd_import(name[level:], package, level)
  File "<frozen importlib._bootstrap>", line 1030, in _gcd_import
  File "<frozen importlib._bootstrap>", line 1007, in _find_and_load
  File "<frozen importlib._bootstrap>", line 986, in _find_and_load_unlocked
  File "<frozen importlib._bootstrap>", line 680, in _load_unlocked
  File "<frozen importlib._bootstrap_external>", line 850, in exec_module
  File "<frozen importlib._bootstrap>", line 228, in _call_with_frames_removed
  File "/Users/luialvarado/Documents/GitHub/Docmind_IA/backend/app/main.py", line 4, in <module>
    from app.api.routes import router
  File "/Users/luialvarado/Documents/GitHub/Docmind_IA/backend/app/api/routes.py", line 14, in <module>
    from app.extraction.extractor import extraer_hechos_de_documento
  File "/Users/luialvarado/Documents/GitHub/Docmind_IA/backend/app/extraction/extractor.py", line 153
    return hechos
    ^
SyntaxError: 'return' outside function
WARNING:  WatchFiles detected changes in 'app/extraction/extractor.py'. Reloading...
/Users/luialvarado/Documents/GitHub/Docmind_IA/backend/.venv/lib/python3.9/site-packages/google/oauth2/__init__.py:40: FutureWarning: You are using a Python version 3.9 past its end of life. Google will update google-auth with critical bug fixes on a best-effort basis, but not with any other fixes or features. Please upgrade your Python version, and then update google-auth.
  warnings.warn(eol_message.format("3.9"), FutureWarning)
/Users/luialvarado/Documents/GitHub/Docmind_IA/backend/.venv/lib/python3.9/site-packages/google/auth/__init__.py:54: FutureWarning: You are using a Python version 3.9 past its end of life. Google will update google-auth with critical bug fixes on a best-effort basis, but not with any other fixes or features. Please upgrade your Python version, and then update google-auth.
  warnings.warn(eol_message.format("3.9"), FutureWarning)
/Users/luialvarado/Documents/GitHub/Docmind_IA/backend/.venv/lib/python3.9/site-packages/urllib3/__init__.py:35: NotOpenSSLWarning: urllib3 v2 only supports OpenSSL 1.1.1+, currently the 'ssl' module is compiled with 'LibreSSL 2.8.3'. See: https://github.com/urllib3/urllib3/issues/3020
  warnings.warn(
INFO:     Started server process [25151]
INFO:     Waiting for application startup.
INFO:     Application startup complete.
WARNING:  WatchFiles detected changes in 'app/extraction/extractor.py'. Reloading...
INFO:     Shutting down
INFO:     Waiting for application shutdown.
INFO:     Application shutdown complete.
INFO:     Finished server process [25151]
Process SpawnProcess-5:
Traceback (most recent call last):
  File "/Library/Developer/CommandLineTools/Library/Frameworks/Python3.framework/Versions/3.9/lib/python3.9/multiprocessing/process.py", line 315, in _bootstrap
    self.run()
  File "/Library/Developer/CommandLineTools/Library/Frameworks/Python3.framework/Versions/3.9/lib/python3.9/multiprocessing/process.py", line 108, in run
    self._target(*self._args, **self._kwargs)
  File "/Users/luialvarado/Documents/GitHub/Docmind_IA/backend/.venv/lib/python3.9/site-packages/uvicorn/_subprocess.py", line 80, in subprocess_started
    target(sockets=sockets)
  File "/Users/luialvarado/Documents/GitHub/Docmind_IA/backend/.venv/lib/python3.9/site-packages/uvicorn/server.py", line 65, in run
    return asyncio.run(self.serve(sockets=sockets))
  File "/Library/Developer/CommandLineTools/Library/Frameworks/Python3.framework/Versions/3.9/lib/python3.9/asyncio/runners.py", line 44, in run
    return loop.run_until_complete(main)
  File "uvloop/loop.pyx", line 1518, in uvloop.loop.Loop.run_until_complete
  File "/Users/luialvarado/Documents/GitHub/Docmind_IA/backend/.venv/lib/python3.9/site-packages/uvicorn/server.py", line 69, in serve
    await self._serve(sockets)
  File "/Users/luialvarado/Documents/GitHub/Docmind_IA/backend/.venv/lib/python3.9/site-packages/uvicorn/server.py", line 76, in _serve
    config.load()
  File "/Users/luialvarado/Documents/GitHub/Docmind_IA/backend/.venv/lib/python3.9/site-packages/uvicorn/config.py", line 434, in load
    self.loaded_app = import_from_string(self.app)
  File "/Users/luialvarado/Documents/GitHub/Docmind_IA/backend/.venv/lib/python3.9/site-packages/uvicorn/importer.py", line 19, in import_from_string
    module = importlib.import_module(module_str)
  File "/Library/Developer/CommandLineTools/Library/Frameworks/Python3.framework/Versions/3.9/lib/python3.9/importlib/__init__.py", line 127, in import_module
    return _bootstrap._gcd_import(name[level:], package, level)
  File "<frozen importlib._bootstrap>", line 1030, in _gcd_import
  File "<frozen importlib._bootstrap>", line 1007, in _find_and_load
  File "<frozen importlib._bootstrap>", line 986, in _find_and_load_unlocked
  File "<frozen importlib._bootstrap>", line 680, in _load_unlocked
  File "<frozen importlib._bootstrap_external>", line 850, in exec_module
  File "<frozen importlib._bootstrap>", line 228, in _call_with_frames_removed
  File "/Users/luialvarado/Documents/GitHub/Docmind_IA/backend/app/main.py", line 4, in <module>
    from app.api.routes import router
  File "/Users/luialvarado/Documents/GitHub/Docmind_IA/backend/app/api/routes.py", line 14, in <module>
    from app.extraction.extractor import extraer_hechos_de_documento
  File "/Users/luialvarado/Documents/GitHub/Docmind_IA/backend/app/extraction/extractor.py", line 152
    return hechos
    ^
SyntaxError: 'return' outside function
WARNING:  WatchFiles detected changes in 'app/extraction/extractor.py'. Reloading...
/Users/luialvarado/Documents/GitHub/Docmind_IA/backend/.venv/lib/python3.9/site-packages/google/oauth2/__init__.py:40: FutureWarning: You are using a Python version 3.9 past its end of life. Google will update google-auth with critical bug fixes on a best-effort basis, but not with any other fixes or features. Please upgrade your Python version, and then update google-auth.
  warnings.warn(eol_message.format("3.9"), FutureWarning)
/Users/luialvarado/Documents/GitHub/Docmind_IA/backend/.venv/lib/python3.9/site-packages/google/auth/__init__.py:54: FutureWarning: You are using a Python version 3.9 past its end of life. Google will update google-auth with critical bug fixes on a best-effort basis, but not with any other fixes or features. Please upgrade your Python version, and then update google-auth.
  warnings.warn(eol_message.format("3.9"), FutureWarning)
/Users/luialvarado/Documents/GitHub/Docmind_IA/backend/.venv/lib/python3.9/site-packages/urllib3/__init__.py:35: NotOpenSSLWarning: urllib3 v2 only supports OpenSSL 1.1.1+, currently the 'ssl' module is compiled with 'LibreSSL 2.8.3'. See: https://github.com/urllib3/urllib3/issues/3020
  warnings.warn(
INFO:     Started server process [25161]
INFO:     Waiting for application startup.
INFO:     Application startup complete.
WARNING:  WatchFiles detected changes in 'app/extraction/extractor.py'. Reloading...
INFO:     Shutting down
INFO:     Waiting for application shutdown.
INFO:     Application shutdown complete.
INFO:     Finished server process [25161]
Process SpawnProcess-7:
Traceback (most recent call last):
  File "/Library/Developer/CommandLineTools/Library/Frameworks/Python3.framework/Versions/3.9/lib/python3.9/multiprocessing/process.py", line 315, in _bootstrap
    self.run()
  File "/Library/Developer/CommandLineTools/Library/Frameworks/Python3.framework/Versions/3.9/lib/python3.9/multiprocessing/process.py", line 108, in run
    self._target(*self._args, **self._kwargs)
  File "/Users/luialvarado/Documents/GitHub/Docmind_IA/backend/.venv/lib/python3.9/site-packages/uvicorn/_subprocess.py", line 80, in subprocess_started
    target(sockets=sockets)
  File "/Users/luialvarado/Documents/GitHub/Docmind_IA/backend/.venv/lib/python3.9/site-packages/uvicorn/server.py", line 65, in run
    return asyncio.run(self.serve(sockets=sockets))
  File "/Library/Developer/CommandLineTools/Library/Frameworks/Python3.framework/Versions/3.9/lib/python3.9/asyncio/runners.py", line 44, in run
    return loop.run_until_complete(main)
  File "uvloop/loop.pyx", line 1518, in uvloop.loop.Loop.run_until_complete
  File "/Users/luialvarado/Documents/GitHub/Docmind_IA/backend/.venv/lib/python3.9/site-packages/uvicorn/server.py", line 69, in serve
    await self._serve(sockets)
  File "/Users/luialvarado/Documents/GitHub/Docmind_IA/backend/.venv/lib/python3.9/site-packages/uvicorn/server.py", line 76, in _serve
    config.load()
  File "/Users/luialvarado/Documents/GitHub/Docmind_IA/backend/.venv/lib/python3.9/site-packages/uvicorn/config.py", line 434, in load
    self.loaded_app = import_from_string(self.app)
  File "/Users/luialvarado/Documents/GitHub/Docmind_IA/backend/.venv/lib/python3.9/site-packages/uvicorn/importer.py", line 19, in import_from_string
    module = importlib.import_module(module_str)
  File "/Library/Developer/CommandLineTools/Library/Frameworks/Python3.framework/Versions/3.9/lib/python3.9/importlib/__init__.py", line 127, in import_module
    return _bootstrap._gcd_import(name[level:], package, level)
  File "<frozen importlib._bootstrap>", line 1030, in _gcd_import
  File "<frozen importlib._bootstrap>", line 1007, in _find_and_load
  File "<frozen importlib._bootstrap>", line 986, in _find_and_load_unlocked
  File "<frozen importlib._bootstrap>", line 680, in _load_unlocked
  File "<frozen importlib._bootstrap_external>", line 850, in exec_module
  File "<frozen importlib._bootstrap>", line 228, in _call_with_frames_removed
  File "/Users/luialvarado/Documents/GitHub/Docmind_IA/backend/app/main.py", line 4, in <module>
    from app.api.routes import router
  File "/Users/luialvarado/Documents/GitHub/Docmind_IA/backend/app/api/routes.py", line 14, in <module>
    from app.extraction.extractor import extraer_hechos_de_documento
  File "/Users/luialvarado/Documents/GitHub/Docmind_IA/backend/app/extraction/extractor.py", line 153
    return hechos
    ^
SyntaxError: 'return' outside function
WARNING:  WatchFiles detected changes in 'app/extraction/extractor.py'. Reloading...
/Users/luialvarado/Documents/GitHub/Docmind_IA/backend/.venv/lib/python3.9/site-packages/google/oauth2/__init__.py:40: FutureWarning: You are using a Python version 3.9 past its end of life. Google will update google-auth with critical bug fixes on a best-effort basis, but not with any other fixes or features. Please upgrade your Python version, and then update google-auth.
  warnings.warn(eol_message.format("3.9"), FutureWarning)
/Users/luialvarado/Documents/GitHub/Docmind_IA/backend/.venv/lib/python3.9/site-packages/google/auth/__init__.py:54: FutureWarning: You are using a Python version 3.9 past its end of life. Google will update google-auth with critical bug fixes on a best-effort basis, but not with any other fixes or features. Please upgrade your Python version, and then update google-auth.
  warnings.warn(eol_message.format("3.9"), FutureWarning)
/Users/luialvarado/Documents/GitHub/Docmind_IA/backend/.venv/lib/python3.9/site-packages/urllib3/__init__.py:35: NotOpenSSLWarning: urllib3 v2 only supports OpenSSL 1.1.1+, currently the 'ssl' module is compiled with 'LibreSSL 2.8.3'. See: https://github.com/urllib3/urllib3/issues/3020
  warnings.warn(
INFO:     Started server process [25172]
INFO:     Waiting for application startup.
INFO:     Application startup complete.
WARNING:  WatchFiles detected changes in 'app/extraction/extractor.py'. Reloading...
INFO:     Shutting down
INFO:     Waiting for application shutdown.
INFO:     Application shutdown complete.
INFO:     Finished server process [25172]
/Users/luialvarado/Documents/GitHub/Docmind_IA/backend/.venv/lib/python3.9/site-packages/google/oauth2/__init__.py:40: FutureWarning: You are using a Python version 3.9 past its end of life. Google will update google-auth with critical bug fixes on a best-effort basis, but not with any other fixes or features. Please upgrade your Python version, and then update google-auth.
  warnings.warn(eol_message.format("3.9"), FutureWarning)
/Users/luialvarado/Documents/GitHub/Docmind_IA/backend/.venv/lib/python3.9/site-packages/google/auth/__init__.py:54: FutureWarning: You are using a Python version 3.9 past its end of life. Google will update google-auth with critical bug fixes on a best-effort basis, but not with any other fixes or features. Please upgrade your Python version, and then update google-auth.
  warnings.warn(eol_message.format("3.9"), FutureWarning)
/Users/luialvarado/Documents/GitHub/Docmind_IA/backend/.venv/lib/python3.9/site-packages/urllib3/__init__.py:35: NotOpenSSLWarning: urllib3 v2 only supports OpenSSL 1.1.1+, currently the 'ssl' module is compiled with 'LibreSSL 2.8.3'. See: https://github.com/urllib3/urllib3/issues/3020
  warnings.warn(
INFO:     Started server process [25173]
INFO:     Waiting for application startup.
INFO:     Application startup complete.
WARNING:  WatchFiles detected changes in 'app/extraction/extractor.py'. Reloading...
INFO:     Shutting down
INFO:     Waiting for application shutdown.
INFO:     Application shutdown complete.
INFO:     Finished server process [25173]
/Users/luialvarado/Documents/GitHub/Docmind_IA/backend/.venv/lib/python3.9/site-packages/google/oauth2/__init__.py:40: FutureWarning: You are using a Python version 3.9 past its end of life. Google will update google-auth with critical bug fixes on a best-effort basis, but not with any other fixes or features. Please upgrade your Python version, and then update google-auth.
  warnings.warn(eol_message.format("3.9"), FutureWarning)
/Users/luialvarado/Documents/GitHub/Docmind_IA/backend/.venv/lib/python3.9/site-packages/google/auth/__init__.py:54: FutureWarning: You are using a Python version 3.9 past its end of life. Google will update google-auth with critical bug fixes on a best-effort basis, but not with any other fixes or features. Please upgrade your Python version, and then update google-auth.
  warnings.warn(eol_message.format("3.9"), FutureWarning)
/Users/luialvarado/Documents/GitHub/Docmind_IA/backend/.venv/lib/python3.9/site-packages/urllib3/__init__.py:35: NotOpenSSLWarning: urllib3 v2 only supports OpenSSL 1.1.1+, currently the 'ssl' module is compiled with 'LibreSSL 2.8.3'. See: https://github.com/urllib3/urllib3/issues/3020
  warnings.warn(
INFO:     Started server process [25178]
INFO:     Waiting for application startup.
INFO:     Application startup complete.
WARNING:  WatchFiles detected changes in 'app/extraction/extractor.py'. Reloading...
INFO:     Shutting down
INFO:     Waiting for application shutdown.
INFO:     Application shutdown complete.
INFO:     Finished server process [25178]
Process SpawnProcess-11:
Traceback (most recent call last):
  File "/Library/Developer/CommandLineTools/Library/Frameworks/Python3.framework/Versions/3.9/lib/python3.9/multiprocessing/process.py", line 315, in _bootstrap
    self.run()
  File "/Library/Developer/CommandLineTools/Library/Frameworks/Python3.framework/Versions/3.9/lib/python3.9/multiprocessing/process.py", line 108, in run
    self._target(*self._args, **self._kwargs)
  File "/Users/luialvarado/Documents/GitHub/Docmind_IA/backend/.venv/lib/python3.9/site-packages/uvicorn/_subprocess.py", line 80, in subprocess_started
    target(sockets=sockets)
  File "/Users/luialvarado/Documents/GitHub/Docmind_IA/backend/.venv/lib/python3.9/site-packages/uvicorn/server.py", line 65, in run
    return asyncio.run(self.serve(sockets=sockets))
  File "/Library/Developer/CommandLineTools/Library/Frameworks/Python3.framework/Versions/3.9/lib/python3.9/asyncio/runners.py", line 44, in run
    return loop.run_until_complete(main)
  File "uvloop/loop.pyx", line 1518, in uvloop.loop.Loop.run_until_complete
  File "/Users/luialvarado/Documents/GitHub/Docmind_IA/backend/.venv/lib/python3.9/site-packages/uvicorn/server.py", line 69, in serve
    await self._serve(sockets)
  File "/Users/luialvarado/Documents/GitHub/Docmind_IA/backend/.venv/lib/python3.9/site-packages/uvicorn/server.py", line 76, in _serve
    config.load()
  File "/Users/luialvarado/Documents/GitHub/Docmind_IA/backend/.venv/lib/python3.9/site-packages/uvicorn/config.py", line 434, in load
    self.loaded_app = import_from_string(self.app)
  File "/Users/luialvarado/Documents/GitHub/Docmind_IA/backend/.venv/lib/python3.9/site-packages/uvicorn/importer.py", line 19, in import_from_string
    module = importlib.import_module(module_str)
  File "/Library/Developer/CommandLineTools/Library/Frameworks/Python3.framework/Versions/3.9/lib/python3.9/importlib/__init__.py", line 127, in import_module
    return _bootstrap._gcd_import(name[level:], package, level)
  File "<frozen importlib._bootstrap>", line 1030, in _gcd_import
  File "<frozen importlib._bootstrap>", line 1007, in _find_and_load
  File "<frozen importlib._bootstrap>", line 986, in _find_and_load_unlocked
  File "<frozen importlib._bootstrap>", line 680, in _load_unlocked
  File "<frozen importlib._bootstrap_external>", line 850, in exec_module
  File "<frozen importlib._bootstrap>", line 228, in _call_with_frames_removed
  File "/Users/luialvarado/Documents/GitHub/Docmind_IA/backend/app/main.py", line 4, in <module>
    from app.api.routes import router
  File "/Users/luialvarado/Documents/GitHub/Docmind_IA/backend/app/api/routes.py", line 14, in <module>
    from app.extraction.extractor import extraer_hechos_de_documento
  File "/Users/luialvarado/Documents/GitHub/Docmind_IA/backend/app/extraction/extractor.py", line 152
    return hechos
    ^
SyntaxError: 'return' outside function
WARNING:  WatchFiles detected changes in 'app/extraction/extractor.py'. Reloading...
/Users/luialvarado/Documents/GitHub/Docmind_IA/backend/.venv/lib/python3.9/site-packages/google/oauth2/__init__.py:40: FutureWarning: You are using a Python version 3.9 past its end of life. Google will update google-auth with critical bug fixes on a best-effort basis, but not with any other fixes or features. Please upgrade your Python version, and then update google-auth.
  warnings.warn(eol_message.format("3.9"), FutureWarning)
/Users/luialvarado/Documents/GitHub/Docmind_IA/backend/.venv/lib/python3.9/site-packages/google/auth/__init__.py:54: FutureWarning: You are using a Python version 3.9 past its end of life. Google will update google-auth with critical bug fixes on a best-effort basis, but not with any other fixes or features. Please upgrade your Python version, and then update google-auth.
  warnings.warn(eol_message.format("3.9"), FutureWarning)
/Users/luialvarado/Documents/GitHub/Docmind_IA/backend/.venv/lib/python3.9/site-packages/urllib3/__init__.py:35: NotOpenSSLWarning: urllib3 v2 only supports OpenSSL 1.1.1+, currently the 'ssl' module is compiled with 'LibreSSL 2.8.3'. See: https://github.com/urllib3/urllib3/issues/3020
  warnings.warn(
INFO:     Started server process [25184]
INFO:     Waiting for application startup.
INFO:     Application startup complete.
WARNING:  WatchFiles detected changes in 'app/api/routes.py'. Reloading...
INFO:     Shutting down
INFO:     Waiting for application shutdown.
INFO:     Application shutdown complete.
INFO:     Finished server process [25184]
Process SpawnProcess-13:
Traceback (most recent call last):
  File "/Library/Developer/CommandLineTools/Library/Frameworks/Python3.framework/Versions/3.9/lib/python3.9/multiprocessing/process.py", line 315, in _bootstrap
    self.run()
  File "/Library/Developer/CommandLineTools/Library/Frameworks/Python3.framework/Versions/3.9/lib/python3.9/multiprocessing/process.py", line 108, in run
    self._target(*self._args, **self._kwargs)
  File "/Users/luialvarado/Documents/GitHub/Docmind_IA/backend/.venv/lib/python3.9/site-packages/uvicorn/_subprocess.py", line 80, in subprocess_started
    target(sockets=sockets)
  File "/Users/luialvarado/Documents/GitHub/Docmind_IA/backend/.venv/lib/python3.9/site-packages/uvicorn/server.py", line 65, in run
    return asyncio.run(self.serve(sockets=sockets))
  File "/Library/Developer/CommandLineTools/Library/Frameworks/Python3.framework/Versions/3.9/lib/python3.9/asyncio/runners.py", line 44, in run
    return loop.run_until_complete(main)
  File "uvloop/loop.pyx", line 1518, in uvloop.loop.Loop.run_until_complete
  File "/Users/luialvarado/Documents/GitHub/Docmind_IA/backend/.venv/lib/python3.9/site-packages/uvicorn/server.py", line 69, in serve
    await self._serve(sockets)
  File "/Users/luialvarado/Documents/GitHub/Docmind_IA/backend/.venv/lib/python3.9/site-packages/uvicorn/server.py", line 76, in _serve
    config.load()
  File "/Users/luialvarado/Documents/GitHub/Docmind_IA/backend/.venv/lib/python3.9/site-packages/uvicorn/config.py", line 434, in load
    self.loaded_app = import_from_string(self.app)
  File "/Users/luialvarado/Documents/GitHub/Docmind_IA/backend/.venv/lib/python3.9/site-packages/uvicorn/importer.py", line 19, in import_from_string
    module = importlib.import_module(module_str)
  File "/Library/Developer/CommandLineTools/Library/Frameworks/Python3.framework/Versions/3.9/lib/python3.9/importlib/__init__.py", line 127, in import_module
    return _bootstrap._gcd_import(name[level:], package, level)
  File "<frozen importlib._bootstrap>", line 1030, in _gcd_import
  File "<frozen importlib._bootstrap>", line 1007, in _find_and_load
  File "<frozen importlib._bootstrap>", line 986, in _find_and_load_unlocked
  File "<frozen importlib._bootstrap>", line 680, in _load_unlocked
  File "<frozen importlib._bootstrap_external>", line 850, in exec_module
  File "<frozen importlib._bootstrap>", line 228, in _call_with_frames_removed
  File "/Users/luialvarado/Documents/GitHub/Docmind_IA/backend/app/main.py", line 4, in <module>
    from app.api.routes import router
ImportError: cannot import name 'router' from 'app.api.routes' (/Users/luialvarado/Documents/GitHub/Docmind_IA/backend/app/api/routes.py)
WARNING:  WatchFiles detected changes in 'app/api/routes.py'. Reloading...
/Users/luialvarado/Documents/GitHub/Docmind_IA/backend/.venv/lib/python3.9/site-packages/google/oauth2/__init__.py:40: FutureWarning: You are using a Python version 3.9 past its end of life. Google will update google-auth with critical bug fixes on a best-effort basis, but not with any other fixes or features. Please upgrade your Python version, and then update google-auth.
  warnings.warn(eol_message.format("3.9"), FutureWarning)
/Users/luialvarado/Documents/GitHub/Docmind_IA/backend/.venv/lib/python3.9/site-packages/google/auth/__init__.py:54: FutureWarning: You are using a Python version 3.9 past its end of life. Google will update google-auth with critical bug fixes on a best-effort basis, but not with any other fixes or features. Please upgrade your Python version, and then update google-auth.
  warnings.warn(eol_message.format("3.9"), FutureWarning)
/Users/luialvarado/Documents/GitHub/Docmind_IA/backend/.venv/lib/python3.9/site-packages/urllib3/__init__.py:35: NotOpenSSLWarning: urllib3 v2 only supports OpenSSL 1.1.1+, currently the 'ssl' module is compiled with 'LibreSSL 2.8.3'. See: https://github.com/urllib3/urllib3/issues/3020
  warnings.warn(
INFO:     Started server process [25197]
INFO:     Waiting for application startup.
INFO:     Application startup complete.
INFO:     127.0.0.1:60604 - "OPTIONS /documents HTTP/1.1" 200 OK
INFO:     127.0.0.1:60606 - "OPTIONS /chat/conversations HTTP/1.1" 200 OK
INFO:     127.0.0.1:60608 - "GET /chat/conversations HTTP/1.1" 200 OK
INFO:     127.0.0.1:60604 - "GET /documents HTTP/1.1" 200 OK
INFO:     127.0.0.1:60664 - "OPTIONS /document/1 HTTP/1.1" 200 OK
INFO:     127.0.0.1:60664 - "DELETE /document/1 HTTP/1.1" 200 OK
INFO:     127.0.0.1:60664 - "GET /documents HTTP/1.1" 200 OK
WARNING:  WatchFiles detected changes in 'app/api/routes.py'. Reloading...
INFO:     Shutting down
INFO:     Waiting for application shutdown.
INFO:     Application shutdown complete.
INFO:     Finished server process [25197]
Process SpawnProcess-15:
Traceback (most recent call last):
  File "/Library/Developer/CommandLineTools/Library/Frameworks/Python3.framework/Versions/3.9/lib/python3.9/multiprocessing/process.py", line 315, in _bootstrap
    self.run()
  File "/Library/Developer/CommandLineTools/Library/Frameworks/Python3.framework/Versions/3.9/lib/python3.9/multiprocessing/process.py", line 108, in run
    self._target(*self._args, **self._kwargs)
  File "/Users/luialvarado/Documents/GitHub/Docmind_IA/backend/.venv/lib/python3.9/site-packages/uvicorn/_subprocess.py", line 80, in subprocess_started
    target(sockets=sockets)
  File "/Users/luialvarado/Documents/GitHub/Docmind_IA/backend/.venv/lib/python3.9/site-packages/uvicorn/server.py", line 65, in run
    return asyncio.run(self.serve(sockets=sockets))
  File "/Library/Developer/CommandLineTools/Library/Frameworks/Python3.framework/Versions/3.9/lib/python3.9/asyncio/runners.py", line 44, in run
    return loop.run_until_complete(main)
  File "uvloop/loop.pyx", line 1518, in uvloop.loop.Loop.run_until_complete
  File "/Users/luialvarado/Documents/GitHub/Docmind_IA/backend/.venv/lib/python3.9/site-packages/uvicorn/server.py", line 69, in serve
    await self._serve(sockets)
  File "/Users/luialvarado/Documents/GitHub/Docmind_IA/backend/.venv/lib/python3.9/site-packages/uvicorn/server.py", line 76, in _serve
    config.load()
  File "/Users/luialvarado/Documents/GitHub/Docmind_IA/backend/.venv/lib/python3.9/site-packages/uvicorn/config.py", line 434, in load
    self.loaded_app = import_from_string(self.app)
  File "/Users/luialvarado/Documents/GitHub/Docmind_IA/backend/.venv/lib/python3.9/site-packages/uvicorn/importer.py", line 19, in import_from_string
    module = importlib.import_module(module_str)
  File "/Library/Developer/CommandLineTools/Library/Frameworks/Python3.framework/Versions/3.9/lib/python3.9/importlib/__init__.py", line 127, in import_module
    return _bootstrap._gcd_import(name[level:], package, level)
  File "<frozen importlib._bootstrap>", line 1030, in _gcd_import
  File "<frozen importlib._bootstrap>", line 1007, in _find_and_load
  File "<frozen importlib._bootstrap>", line 986, in _find_and_load_unlocked
  File "<frozen importlib._bootstrap>", line 680, in _load_unlocked
  File "<frozen importlib._bootstrap_external>", line 850, in exec_module
  File "<frozen importlib._bootstrap>", line 228, in _call_with_frames_removed
  File "/Users/luialvarado/Documents/GitHub/Docmind_IA/backend/app/main.py", line 4, in <module>
    from app.api.routes import router
  File "/Users/luialvarado/Documents/GitHub/Docmind_IA/backend/app/api/routes.py", line 145
    async def test_rules(db: Session = Depends(get_db)):
IndentationError: unexpected unindent
WARNING:  WatchFiles detected changes in 'app/api/routes.py'. Reloading...
/Users/luialvarado/Documents/GitHub/Docmind_IA/backend/.venv/lib/python3.9/site-packages/google/oauth2/__init__.py:40: FutureWarning: You are using a Python version 3.9 past its end of life. Google will update google-auth with critical bug fixes on a best-effort basis, but not with any other fixes or features. Please upgrade your Python version, and then update google-auth.
  warnings.warn(eol_message.format("3.9"), FutureWarning)
/Users/luialvarado/Documents/GitHub/Docmind_IA/backend/.venv/lib/python3.9/site-packages/google/auth/__init__.py:54: FutureWarning: You are using a Python version 3.9 past its end of life. Google will update google-auth with critical bug fixes on a best-effort basis, but not with any other fixes or features. Please upgrade your Python version, and then update google-auth.
  warnings.warn(eol_message.format("3.9"), FutureWarning)
/Users/luialvarado/Documents/GitHub/Docmind_IA/backend/.venv/lib/python3.9/site-packages/urllib3/__init__.py:35: NotOpenSSLWarning: urllib3 v2 only supports OpenSSL 1.1.1+, currently the 'ssl' module is compiled with 'LibreSSL 2.8.3'. See: https://github.com/urllib3/urllib3/issues/3020
  warnings.warn(
INFO:     Started server process [25215]
INFO:     Waiting for application startup.
INFO:     Application startup complete.
WARNING:  WatchFiles detected changes in 'app/api/routes.py'. Reloading...
INFO:     Shutting down
INFO:     Waiting for application shutdown.
INFO:     Application shutdown complete.
INFO:     Finished server process [25215]
/Users/luialvarado/Documents/GitHub/Docmind_IA/backend/.venv/lib/python3.9/site-packages/google/oauth2/__init__.py:40: FutureWarning: You are using a Python version 3.9 past its end of life. Google will update google-auth with critical bug fixes on a best-effort basis, but not with any other fixes or features. Please upgrade your Python version, and then update google-auth.
  warnings.warn(eol_message.format("3.9"), FutureWarning)
/Users/luialvarado/Documents/GitHub/Docmind_IA/backend/.venv/lib/python3.9/site-packages/google/auth/__init__.py:54: FutureWarning: You are using a Python version 3.9 past its end of life. Google will update google-auth with critical bug fixes on a best-effort basis, but not with any other fixes or features. Please upgrade your Python version, and then update google-auth.
  warnings.warn(eol_message.format("3.9"), FutureWarning)
/Users/luialvarado/Documents/GitHub/Docmind_IA/backend/.venv/lib/python3.9/site-packages/urllib3/__init__.py:35: NotOpenSSLWarning: urllib3 v2 only supports OpenSSL 1.1.1+, currently the 'ssl' module is compiled with 'LibreSSL 2.8.3'. See: https://github.com/urllib3/urllib3/issues/3020
  warnings.warn(
INFO:     Started server process [25220]
INFO:     Waiting for application startup.
INFO:     Application startup complete.
WARNING:  WatchFiles detected changes in 'app/api/routes.py'. Reloading...
INFO:     Shutting down
INFO:     Waiting for application shutdown.
INFO:     Application shutdown complete.
INFO:     Finished server process [25220]
/Users/luialvarado/Documents/GitHub/Docmind_IA/backend/.venv/lib/python3.9/site-packages/google/oauth2/__init__.py:40: FutureWarning: You are using a Python version 3.9 past its end of life. Google will update google-auth with critical bug fixes on a best-effort basis, but not with any other fixes or features. Please upgrade your Python version, and then update google-auth.
  warnings.warn(eol_message.format("3.9"), FutureWarning)
/Users/luialvarado/Documents/GitHub/Docmind_IA/backend/.venv/lib/python3.9/site-packages/google/auth/__init__.py:54: FutureWarning: You are using a Python version 3.9 past its end of life. Google will update google-auth with critical bug fixes on a best-effort basis, but not with any other fixes or features. Please upgrade your Python version, and then update google-auth.
  warnings.warn(eol_message.format("3.9"), FutureWarning)
/Users/luialvarado/Documents/GitHub/Docmind_IA/backend/.venv/lib/python3.9/site-packages/urllib3/__init__.py:35: NotOpenSSLWarning: urllib3 v2 only supports OpenSSL 1.1.1+, currently the 'ssl' module is compiled with 'LibreSSL 2.8.3'. See: https://github.com/urllib3/urllib3/issues/3020
  warnings.warn(
INFO:     Started server process [25226]
INFO:     Waiting for application startup.
INFO:     Application startup complete.
WARNING:  WatchFiles detected changes in 'app/api/routes.py'. Reloading...
INFO:     Shutting down
INFO:     Waiting for application shutdown.
INFO:     Application shutdown complete.
INFO:     Finished server process [25226]
/Users/luialvarado/Documents/GitHub/Docmind_IA/backend/.venv/lib/python3.9/site-packages/google/oauth2/__init__.py:40: FutureWarning: You are using a Python version 3.9 past its end of life. Google will update google-auth with critical bug fixes on a best-effort basis, but not with any other fixes or features. Please upgrade your Python version, and then update google-auth.
  warnings.warn(eol_message.format("3.9"), FutureWarning)
/Users/luialvarado/Documents/GitHub/Docmind_IA/backend/.venv/lib/python3.9/site-packages/google/auth/__init__.py:54: FutureWarning: You are using a Python version 3.9 past its end of life. Google will update google-auth with critical bug fixes on a best-effort basis, but not with any other fixes or features. Please upgrade your Python version, and then update google-auth.
  warnings.warn(eol_message.format("3.9"), FutureWarning)
/Users/luialvarado/Documents/GitHub/Docmind_IA/backend/.venv/lib/python3.9/site-packages/urllib3/__init__.py:35: NotOpenSSLWarning: urllib3 v2 only supports OpenSSL 1.1.1+, currently the 'ssl' module is compiled with 'LibreSSL 2.8.3'. See: https://github.com/urllib3/urllib3/issues/3020
  warnings.warn(
INFO:     Started server process [25227]
INFO:     Waiting for application startup.
INFO:     Application startup complete.
WARNING:  WatchFiles detected changes in 'app/api/routes.py'. Reloading...
INFO:     Shutting down
INFO:     Waiting for application shutdown.
INFO:     Application shutdown complete.
INFO:     Finished server process [25227]
/Users/luialvarado/Documents/GitHub/Docmind_IA/backend/.venv/lib/python3.9/site-packages/google/oauth2/__init__.py:40: FutureWarning: You are using a Python version 3.9 past its end of life. Google will update google-auth with critical bug fixes on a best-effort basis, but not with any other fixes or features. Please upgrade your Python version, and then update google-auth.
  warnings.warn(eol_message.format("3.9"), FutureWarning)
/Users/luialvarado/Documents/GitHub/Docmind_IA/backend/.venv/lib/python3.9/site-packages/google/auth/__init__.py:54: FutureWarning: You are using a Python version 3.9 past its end of life. Google will update google-auth with critical bug fixes on a best-effort basis, but not with any other fixes or features. Please upgrade your Python version, and then update google-auth.
  warnings.warn(eol_message.format("3.9"), FutureWarning)
/Users/luialvarado/Documents/GitHub/Docmind_IA/backend/.venv/lib/python3.9/site-packages/urllib3/__init__.py:35: NotOpenSSLWarning: urllib3 v2 only supports OpenSSL 1.1.1+, currently the 'ssl' module is compiled with 'LibreSSL 2.8.3'. See: https://github.com/urllib3/urllib3/issues/3020
  warnings.warn(
INFO:     Started server process [25232]
INFO:     Waiting for application startup.
INFO:     Application startup complete.
WARNING:  WatchFiles detected changes in 'app/api/routes.py'. Reloading...
INFO:     Shutting down
INFO:     Waiting for application shutdown.
INFO:     Application shutdown complete.
INFO:     Finished server process [25232]
/Users/luialvarado/Documents/GitHub/Docmind_IA/backend/.venv/lib/python3.9/site-packages/google/oauth2/__init__.py:40: FutureWarning: You are using a Python version 3.9 past its end of life. Google will update google-auth with critical bug fixes on a best-effort basis, but not with any other fixes or features. Please upgrade your Python version, and then update google-auth.
  warnings.warn(eol_message.format("3.9"), FutureWarning)
/Users/luialvarado/Documents/GitHub/Docmind_IA/backend/.venv/lib/python3.9/site-packages/google/auth/__init__.py:54: FutureWarning: You are using a Python version 3.9 past its end of life. Google will update google-auth with critical bug fixes on a best-effort basis, but not with any other fixes or features. Please upgrade your Python version, and then update google-auth.
  warnings.warn(eol_message.format("3.9"), FutureWarning)
/Users/luialvarado/Documents/GitHub/Docmind_IA/backend/.venv/lib/python3.9/site-packages/urllib3/__init__.py:35: NotOpenSSLWarning: urllib3 v2 only supports OpenSSL 1.1.1+, currently the 'ssl' module is compiled with 'LibreSSL 2.8.3'. See: https://github.com/urllib3/urllib3/issues/3020
  warnings.warn(
INFO:     Started server process [25237]
INFO:     Waiting for application startup.
INFO:     Application startup complete.
INFO:     127.0.0.1:61665 - "GET /documents HTTP/1.1" 200 OK
INFO:     127.0.0.1:61666 - "GET /chat/conversations HTTP/1.1" 200 OK
INFO:     127.0.0.1:61880 - "DELETE /documents/clear HTTP/1.1" 200 OK
INFO:     127.0.0.1:61880 - "GET /documents HTTP/1.1" 200 OK
INFO:     127.0.0.1:61880 - "OPTIONS /upload HTTP/1.1" 200 OK
INFO:     127.0.0.1:61898 - "OPTIONS /upload HTTP/1.1" 200 OK
INFO:     127.0.0.1:61900 - "OPTIONS /upload HTTP/1.1" 200 OK
INFO:     127.0.0.1:61880 - "OPTIONS /upload HTTP/1.1" 200 OK
📄 Texto extraído (primeros 200 chars): Juan Pérez Ingeniero de Sistemas Experiencia laboral: 5 años trabajando en desarrollo backend. Habilidades: Python FastAPI React Docker ...
   ✅ Experiencia detectada: 5 años
   ✅ Tecnología detectada: python fastapi react docker
📦 Total hechos guardados: 3

============================================================
📄 Procesando documento: prueba.pdf
📊 HECHOS EXTRAÍDOS (3):
   - nombre: Juan Pérez
   - experiencia_anios: 5
   - tecnologia: python fastapi react docker

📋 REGLAS ENCONTRADAS (5):
   - Experiencia > 4 años: +10
     Condiciones: [{'atributo': 'experiencia_anios', 'operador': '>', 'valor': 4}]
   - Sabe Python: +8
     Condiciones: [{'atributo': 'tecnologia', 'operador': 'contains', 'valor': 'python'}]
   - Sabe Docker: +5
     Condiciones: [{'atributo': 'tecnologia', 'operador': 'contains', 'valor': 'docker'}]
   - Sabe Kubernetes: +7
     Condiciones: [{'atributo': 'tecnologia', 'operador': 'contains', 'valor': 'kubernetes'}]
   - Sabe AWS: +6
     Condiciones: [{'atributo': 'tecnologia', 'operador': 'contains', 'valor': 'aws'}]

🔍 Hechos agrupados:
  Juan Pérez: {'nombre': 'Juan Pérez', 'experiencia_anios': '5', 'tecnologia': 'python fastapi react docker'}

📋 Reglas a evaluar (5):
  - Experiencia > 4 años → [{'atributo': 'experiencia_anios', 'operador': '>', 'valor': 4}] → +10 pts
  - Sabe Python → [{'atributo': 'tecnologia', 'operador': 'contains', 'valor': 'python'}] → +8 pts
  - Sabe Docker → [{'atributo': 'tecnologia', 'operador': 'contains', 'valor': 'docker'}] → +5 pts
  - Sabe Kubernetes → [{'atributo': 'tecnologia', 'operador': 'contains', 'valor': 'kubernetes'}] → +7 pts
  - Sabe AWS → [{'atributo': 'tecnologia', 'operador': 'contains', 'valor': 'aws'}] → +6 pts
✅ Juan Pérez cumple Experiencia > 4 años
✅ Juan Pérez cumple Sabe Python
✅ Juan Pérez cumple Sabe Docker

🎯 RESULTADO DEL ANÁLISIS:
❌ Error al aplicar reglas: list indices must be integers or slices, not str
📄 Texto extraído (primeros 200 chars): Carlos Ramírez Ingeniero de Software Perfil Profesional: Desarrollador backend especializado en microservicios y APIs REST. Experiencia: 3 años trabajando con Python, FastAPI y PostgreSQL. Tecnologías...
   ✅ Experiencia detectada: 3 años
   ✅ Tecnología detectada: docker kubernetes react aws
📦 Total hechos guardados: 3

============================================================
📄 Procesando documento: prueba 2.pdf
📊 HECHOS EXTRAÍDOS (3):
   - nombre: Carlos Ramírez
   - experiencia_anios: 3
   - tecnologia: docker kubernetes react aws

📋 REGLAS ENCONTRADAS (5):
   - Experiencia > 4 años: +10
     Condiciones: [{'atributo': 'experiencia_anios', 'operador': '>', 'valor': 4}]
   - Sabe Python: +8
     Condiciones: [{'atributo': 'tecnologia', 'operador': 'contains', 'valor': 'python'}]
   - Sabe Docker: +5
     Condiciones: [{'atributo': 'tecnologia', 'operador': 'contains', 'valor': 'docker'}]
   - Sabe Kubernetes: +7
     Condiciones: [{'atributo': 'tecnologia', 'operador': 'contains', 'valor': 'kubernetes'}]
   - Sabe AWS: +6
     Condiciones: [{'atributo': 'tecnologia', 'operador': 'contains', 'valor': 'aws'}]

🔍 Hechos agrupados:
  Carlos Ramírez: {'nombre': 'Carlos Ramírez', 'experiencia_anios': '3', 'tecnologia': 'docker kubernetes react aws'}

📋 Reglas a evaluar (5):
  - Experiencia > 4 años → [{'atributo': 'experiencia_anios', 'operador': '>', 'valor': 4}] → +10 pts
  - Sabe Python → [{'atributo': 'tecnologia', 'operador': 'contains', 'valor': 'python'}] → +8 pts
  - Sabe Docker → [{'atributo': 'tecnologia', 'operador': 'contains', 'valor': 'docker'}] → +5 pts
  - Sabe Kubernetes → [{'atributo': 'tecnologia', 'operador': 'contains', 'valor': 'kubernetes'}] → +7 pts
  - Sabe AWS → [{'atributo': 'tecnologia', 'operador': 'contains', 'valor': 'aws'}] → +6 pts
✅ Carlos Ramírez cumple Sabe Docker
✅ Carlos Ramírez cumple Sabe Kubernetes
✅ Carlos Ramírez cumple Sabe AWS

🎯 RESULTADO DEL ANÁLISIS:
❌ Error al aplicar reglas: list indices must be integers or slices, not str
📄 Texto extraído (primeros 200 chars): Mariana Torres Perfil: Estudiante de Ingeniería de Sistemas. Experiencia: 1 año de prácticas universitarias. Tecnologías: HTML CSS JavaScript React Intereses: Desarrollo frontend y diseño UI/UX. ...
   ✅ Experiencia detectada: 1 años
   ✅ Tecnología detectada: html css javascript react intereses: desarrollo frontend y diseño ui/ux
📦 Total hechos guardados: 3

============================================================
📄 Procesando documento: prueba 4.pdf
📊 HECHOS EXTRAÍDOS (3):
   - nombre: Mariana Torres
   - experiencia_anios: 1
   - tecnologia: html css javascript react intereses: desarrollo frontend y diseño ui/ux

📋 REGLAS ENCONTRADAS (5):
   - Experiencia > 4 años: +10
     Condiciones: [{'atributo': 'experiencia_anios', 'operador': '>', 'valor': 4}]
   - Sabe Python: +8
     Condiciones: [{'atributo': 'tecnologia', 'operador': 'contains', 'valor': 'python'}]
   - Sabe Docker: +5
     Condiciones: [{'atributo': 'tecnologia', 'operador': 'contains', 'valor': 'docker'}]
   - Sabe Kubernetes: +7
     Condiciones: [{'atributo': 'tecnologia', 'operador': 'contains', 'valor': 'kubernetes'}]
   - Sabe AWS: +6
     Condiciones: [{'atributo': 'tecnologia', 'operador': 'contains', 'valor': 'aws'}]

🔍 Hechos agrupados:
  Mariana Torres: {'nombre': 'Mariana Torres', 'experiencia_anios': '1', 'tecnologia': 'html css javascript react intereses: desarrollo frontend y diseño ui/ux'}

📋 Reglas a evaluar (5):
  - Experiencia > 4 años → [{'atributo': 'experiencia_anios', 'operador': '>', 'valor': 4}] → +10 pts
  - Sabe Python → [{'atributo': 'tecnologia', 'operador': 'contains', 'valor': 'python'}] → +8 pts
  - Sabe Docker → [{'atributo': 'tecnologia', 'operador': 'contains', 'valor': 'docker'}] → +5 pts
  - Sabe Kubernetes → [{'atributo': 'tecnologia', 'operador': 'contains', 'valor': 'kubernetes'}] → +7 pts
  - Sabe AWS → [{'atributo': 'tecnologia', 'operador': 'contains', 'valor': 'aws'}] → +6 pts

🎯 RESULTADO DEL ANÁLISIS:
❌ Error al aplicar reglas: list indices must be integers or slices, not str
📄 Texto extraído (primeros 200 chars): María González Ingeniero de Software Senior Perfil Profesional: Arquitecta de soluciones cloud con enfoque en sistemas distribuidos y liderazgo técnico. PMP certificada con experiencia en metodologías...
   ✅ Experiencia detectada: 5 años
   ✅ Tecnología detectada: sql
   ✅ Tecnología detectada: docker
   ✅ Tecnología detectada: kubernetes
   ✅ Tecnología detectada: react
   ✅ Tecnología detectada: aws
   ✅ Tecnología detectada: java
   ✅ Tecnología detectada: typescript
   ✅ Tecnología detectada: python
📦 Total hechos guardados: 10

============================================================
📄 Procesando documento: prueba 2.2.pdf
📊 HECHOS EXTRAÍDOS (10):
   - nombre: María González
   - experiencia_anios: 5
   - tecnologia: sql
   - tecnologia: docker
   - tecnologia: kubernetes
   - tecnologia: react
   - tecnologia: aws
   - tecnologia: java
   - tecnologia: typescript
   - tecnologia: python

📋 REGLAS ENCONTRADAS (5):
   - Experiencia > 4 años: +10
     Condiciones: [{'atributo': 'experiencia_anios', 'operador': '>', 'valor': 4}]
   - Sabe Python: +8
     Condiciones: [{'atributo': 'tecnologia', 'operador': 'contains', 'valor': 'python'}]
   - Sabe Docker: +5
     Condiciones: [{'atributo': 'tecnologia', 'operador': 'contains', 'valor': 'docker'}]
   - Sabe Kubernetes: +7
     Condiciones: [{'atributo': 'tecnologia', 'operador': 'contains', 'valor': 'kubernetes'}]
   - Sabe AWS: +6
     Condiciones: [{'atributo': 'tecnologia', 'operador': 'contains', 'valor': 'aws'}]

🔍 Hechos agrupados:
  María González: {'nombre': 'María González', 'experiencia_anios': '5', 'tecnologia': ['sql', 'docker', 'kubernetes', 'react', 'aws', 'java', 'typescript', 'python']}

📋 Reglas a evaluar (5):
  - Experiencia > 4 años → [{'atributo': 'experiencia_anios', 'operador': '>', 'valor': 4}] → +10 pts
  - Sabe Python → [{'atributo': 'tecnologia', 'operador': 'contains', 'valor': 'python'}] → +8 pts
  - Sabe Docker → [{'atributo': 'tecnologia', 'operador': 'contains', 'valor': 'docker'}] → +5 pts
  - Sabe Kubernetes → [{'atributo': 'tecnologia', 'operador': 'contains', 'valor': 'kubernetes'}] → +7 pts
  - Sabe AWS → [{'atributo': 'tecnologia', 'operador': 'contains', 'valor': 'aws'}] → +6 pts
✅ María González cumple Experiencia > 4 años
✅ María González cumple Sabe Python
✅ María González cumple Sabe Docker
✅ María González cumple Sabe Kubernetes
✅ María González cumple Sabe AWS

🎯 RESULTADO DEL ANÁLISIS:
❌ Error al aplicar reglas: list indices must be integers or slices, not str
INFO:     127.0.0.1:61880 - "POST /upload HTTP/1.1" 500 Internal Server Error
📄 Texto extraído (primeros 200 chars): Laura Martínez Analista de Datos Experiencia laboral: 5 años realizando análisis estadístico y procesamiento de datos. Herramientas: Python Pandas Power BI SQL Conocimientos: Machine Learning Visualiz...
   ✅ Experiencia detectada: 5 años
   ✅ Tecnología detectada: sql
   ✅ Tecnología detectada: python
📦 Total hechos guardados: 4

============================================================
📄 Procesando documento: prueba 3.pdf
📊 HECHOS EXTRAÍDOS (4):
   - nombre: Laura Martínez
   - experiencia_anios: 5
   - tecnologia: sql
   - tecnologia: python

📋 REGLAS ENCONTRADAS (5):
   - Experiencia > 4 años: +10
     Condiciones: [{'atributo': 'experiencia_anios', 'operador': '>', 'valor': 4}]
   - Sabe Python: +8
     Condiciones: [{'atributo': 'tecnologia', 'operador': 'contains', 'valor': 'python'}]
   - Sabe Docker: +5
     Condiciones: [{'atributo': 'tecnologia', 'operador': 'contains', 'valor': 'docker'}]
   - Sabe Kubernetes: +7
     Condiciones: [{'atributo': 'tecnologia', 'operador': 'contains', 'valor': 'kubernetes'}]
   - Sabe AWS: +6
     Condiciones: [{'atributo': 'tecnologia', 'operador': 'contains', 'valor': 'aws'}]

🔍 Hechos agrupados:
  Laura Martínez: {'nombre': 'Laura Martínez', 'experiencia_anios': '5', 'tecnologia': ['sql', 'python']}

📋 Reglas a evaluar (5):
  - Experiencia > 4 años → [{'atributo': 'experiencia_anios', 'operador': '>', 'valor': 4}] → +10 pts
  - Sabe Python → [{'atributo': 'tecnologia', 'operador': 'contains', 'valor': 'python'}] → +8 pts
  - Sabe Docker → [{'atributo': 'tecnologia', 'operador': 'contains', 'valor': 'docker'}] → +5 pts
  - Sabe Kubernetes → [{'atributo': 'tecnologia', 'operador': 'contains', 'valor': 'kubernetes'}] → +7 pts
  - Sabe AWS → [{'atributo': 'tecnologia', 'operador': 'contains', 'valor': 'aws'}] → +6 pts
✅ Laura Martínez cumple Experiencia > 4 años
✅ Laura Martínez cumple Sabe Python

🎯 RESULTADO DEL ANÁLISIS:
❌ Error al aplicar reglas: list indices must be integers or slices, not str
INFO:     127.0.0.1:61900 - "POST /upload HTTP/1.1" 500 Internal Server Error
INFO:     127.0.0.1:61898 - "POST /upload HTTP/1.1" 500 Internal Server Error
INFO:     127.0.0.1:61902 - "POST /upload HTTP/1.1" 500 Internal Server Error
📄 Texto extraído (primeros 200 chars): INFORME TÉCNICO Proyecto: Modernización de infraestructura tecnológica. Responsable: Ingeniero de Sistemas Andrés López. Duración del proyecto: 5 años. Tecnologías implementadas: Docker Linux Servidor...
   ✅ Experiencia detectada: 5 años
   ✅ Tecnología detectada: docker
📦 Total hechos guardados: 3

============================================================
📄 Procesando documento: prueba 3 (1).pdf
📊 HECHOS EXTRAÍDOS (3):
   - nombre: Sistemas Andrés
   - experiencia_anios: 5
   - tecnologia: docker

📋 REGLAS ENCONTRADAS (5):
   - Experiencia > 4 años: +10
     Condiciones: [{'atributo': 'experiencia_anios', 'operador': '>', 'valor': 4}]
   - Sabe Python: +8
     Condiciones: [{'atributo': 'tecnologia', 'operador': 'contains', 'valor': 'python'}]
   - Sabe Docker: +5
     Condiciones: [{'atributo': 'tecnologia', 'operador': 'contains', 'valor': 'docker'}]
   - Sabe Kubernetes: +7
     Condiciones: [{'atributo': 'tecnologia', 'operador': 'contains', 'valor': 'kubernetes'}]
   - Sabe AWS: +6
     Condiciones: [{'atributo': 'tecnologia', 'operador': 'contains', 'valor': 'aws'}]

🔍 Hechos agrupados:
  Sistemas Andrés: {'nombre': 'Sistemas Andrés', 'experiencia_anios': '5', 'tecnologia': 'docker'}

📋 Reglas a evaluar (5):
  - Experiencia > 4 años → [{'atributo': 'experiencia_anios', 'operador': '>', 'valor': 4}] → +10 pts
  - Sabe Python → [{'atributo': 'tecnologia', 'operador': 'contains', 'valor': 'python'}] → +8 pts
  - Sabe Docker → [{'atributo': 'tecnologia', 'operador': 'contains', 'valor': 'docker'}] → +5 pts
  - Sabe Kubernetes → [{'atributo': 'tecnologia', 'operador': 'contains', 'valor': 'kubernetes'}] → +7 pts
  - Sabe AWS → [{'atributo': 'tecnologia', 'operador': 'contains', 'valor': 'aws'}] → +6 pts
✅ Sistemas Andrés cumple Experiencia > 4 años
✅ Sistemas Andrés cumple Sabe Docker

🎯 RESULTADO DEL ANÁLISIS:
❌ Error al aplicar reglas: list indices must be integers or slices, not str
INFO:     127.0.0.1:61904 - "POST /upload HTTP/1.1" 500 Internal Server Error
INFO:     127.0.0.1:61906 - "POST /upload HTTP/1.1" 500 Internal Server Error
📄 Texto extraído (primeros 200 chars): Juan Pérez Técnico en Sistemas Perfil Profesional: Soporte técnico y administración de redes pequeñas. Experiencia: 5 años trabajando en mesa de ayuda y mantenimiento de equipos. Tecnologías: Python S...
   ✅ Experiencia detectada: 5 años
   ✅ Tecnología detectada: python sql
📦 Total hechos guardados: 3

============================================================
📄 Procesando documento: prueba 2.1.pdf
📊 HECHOS EXTRAÍDOS (3):
   - nombre: Juan Pérez
   - experiencia_anios: 5
   - tecnologia: python sql

📋 REGLAS ENCONTRADAS (5):
   - Experiencia > 4 años: +10
     Condiciones: [{'atributo': 'experiencia_anios', 'operador': '>', 'valor': 4}]
   - Sabe Python: +8
     Condiciones: [{'atributo': 'tecnologia', 'operador': 'contains', 'valor': 'python'}]
   - Sabe Docker: +5
     Condiciones: [{'atributo': 'tecnologia', 'operador': 'contains', 'valor': 'docker'}]
   - Sabe Kubernetes: +7
     Condiciones: [{'atributo': 'tecnologia', 'operador': 'contains', 'valor': 'kubernetes'}]
   - Sabe AWS: +6
     Condiciones: [{'atributo': 'tecnologia', 'operador': 'contains', 'valor': 'aws'}]

🔍 Hechos agrupados:
  Juan Pérez: {'nombre': 'Juan Pérez', 'experiencia_anios': '5', 'tecnologia': 'python sql'}

📋 Reglas a evaluar (5):
  - Experiencia > 4 años → [{'atributo': 'experiencia_anios', 'operador': '>', 'valor': 4}] → +10 pts
  - Sabe Python → [{'atributo': 'tecnologia', 'operador': 'contains', 'valor': 'python'}] → +8 pts
  - Sabe Docker → [{'atributo': 'tecnologia', 'operador': 'contains', 'valor': 'docker'}] → +5 pts
  - Sabe Kubernetes → [{'atributo': 'tecnologia', 'operador': 'contains', 'valor': 'kubernetes'}] → +7 pts
  - Sabe AWS → [{'atributo': 'tecnologia', 'operador': 'contains', 'valor': 'aws'}] → +6 pts
✅ Juan Pérez cumple Experiencia > 4 años
✅ Juan Pérez cumple Sabe Python

🎯 RESULTADO DEL ANÁLISIS:
❌ Error al aplicar reglas: list indices must be integers or slices, not str
INFO:     127.0.0.1:61880 - "POST /upload HTTP/1.1" 500 Internal Server Error
📄 Texto extraído (primeros 200 chars): María González Ingeniero de Software Senior Perfil Profesional: Arquitecta de soluciones cloud con enfoque en sistemas distribuidos y liderazgo técnico. PMP certificada con experiencia en metodologías...
   ✅ Experiencia detectada: 5 años
   ✅ Tecnología detectada: sql
   ✅ Tecnología detectada: docker
   ✅ Tecnología detectada: kubernetes
   ✅ Tecnología detectada: react
   ✅ Tecnología detectada: aws
   ✅ Tecnología detectada: java
   ✅ Tecnología detectada: typescript
   ✅ Tecnología detectada: python
📦 Total hechos guardados: 10

============================================================
📄 Procesando documento: prueba 2.2.pdf
📊 HECHOS EXTRAÍDOS (10):
   - nombre: María González
   - experiencia_anios: 5
   - tecnologia: sql
   - tecnologia: docker
   - tecnologia: kubernetes
   - tecnologia: react
   - tecnologia: aws
   - tecnologia: java
   - tecnologia: typescript
   - tecnologia: python

📋 REGLAS ENCONTRADAS (5):
   - Experiencia > 4 años: +10
     Condiciones: [{'atributo': 'experiencia_anios', 'operador': '>', 'valor': 4}]
   - Sabe Python: +8
     Condiciones: [{'atributo': 'tecnologia', 'operador': 'contains', 'valor': 'python'}]
   - Sabe Docker: +5
     Condiciones: [{'atributo': 'tecnologia', 'operador': 'contains', 'valor': 'docker'}]
   - Sabe Kubernetes: +7
     Condiciones: [{'atributo': 'tecnologia', 'operador': 'contains', 'valor': 'kubernetes'}]
   - Sabe AWS: +6
     Condiciones: [{'atributo': 'tecnologia', 'operador': 'contains', 'valor': 'aws'}]

🔍 Hechos agrupados:
  María González: {'nombre': 'María González', 'experiencia_anios': '5', 'tecnologia': ['sql', 'docker', 'kubernetes', 'react', 'aws', 'java', 'typescript', 'python']}

📋 Reglas a evaluar (5):
  - Experiencia > 4 años → [{'atributo': 'experiencia_anios', 'operador': '>', 'valor': 4}] → +10 pts
  - Sabe Python → [{'atributo': 'tecnologia', 'operador': 'contains', 'valor': 'python'}] → +8 pts
  - Sabe Docker → [{'atributo': 'tecnologia', 'operador': 'contains', 'valor': 'docker'}] → +5 pts
  - Sabe Kubernetes → [{'atributo': 'tecnologia', 'operador': 'contains', 'valor': 'kubernetes'}] → +7 pts
  - Sabe AWS → [{'atributo': 'tecnologia', 'operador': 'contains', 'valor': 'aws'}] → +6 pts
✅ María González cumple Experiencia > 4 años
✅ María González cumple Sabe Python
✅ María González cumple Sabe Docker
✅ María González cumple Sabe Kubernetes
✅ María González cumple Sabe AWS

🎯 RESULTADO DEL ANÁLISIS:
❌ Error al aplicar reglas: list indices must be integers or slices, not str
📄 Texto extraído (primeros 200 chars): Carlos Ramírez Ingeniero de Software Perfil Profesional: Desarrollador backend especializado en microservicios y APIs REST. Experiencia: 3 años trabajando con Python, FastAPI y PostgreSQL. Tecnologías...
   ✅ Experiencia detectada: 3 años
   ✅ Tecnología detectada: docker kubernetes react aws
📦 Total hechos guardados: 3

============================================================
📄 Procesando documento: prueba 2.pdf
📊 HECHOS EXTRAÍDOS (3):
   - nombre: Carlos Ramírez
   - experiencia_anios: 3
   - tecnologia: docker kubernetes react aws

📋 REGLAS ENCONTRADAS (5):
   - Experiencia > 4 años: +10
     Condiciones: [{'atributo': 'experiencia_anios', 'operador': '>', 'valor': 4}]
   - Sabe Python: +8
     Condiciones: [{'atributo': 'tecnologia', 'operador': 'contains', 'valor': 'python'}]
   - Sabe Docker: +5
     Condiciones: [{'atributo': 'tecnologia', 'operador': 'contains', 'valor': 'docker'}]
   - Sabe Kubernetes: +7
     Condiciones: [{'atributo': 'tecnologia', 'operador': 'contains', 'valor': 'kubernetes'}]
   - Sabe AWS: +6
     Condiciones: [{'atributo': 'tecnologia', 'operador': 'contains', 'valor': 'aws'}]

🔍 Hechos agrupados:
  Carlos Ramírez: {'nombre': 'Carlos Ramírez', 'experiencia_anios': '3', 'tecnologia': 'docker kubernetes react aws'}

📋 Reglas a evaluar (5):
  - Experiencia > 4 años → [{'atributo': 'experiencia_anios', 'operador': '>', 'valor': 4}] → +10 pts
  - Sabe Python → [{'atributo': 'tecnologia', 'operador': 'contains', 'valor': 'python'}] → +8 pts
  - Sabe Docker → [{'atributo': 'tecnologia', 'operador': 'contains', 'valor': 'docker'}] → +5 pts
  - Sabe Kubernetes → [{'atributo': 'tecnologia', 'operador': 'contains', 'valor': 'kubernetes'}] → +7 pts
  - Sabe AWS → [{'atributo': 'tecnologia', 'operador': 'contains', 'valor': 'aws'}] → +6 pts
✅ Carlos Ramírez cumple Sabe Docker
✅ Carlos Ramírez cumple Sabe Kubernetes
✅ Carlos Ramírez cumple Sabe AWS

🎯 RESULTADO DEL ANÁLISIS:
❌ Error al aplicar reglas: list indices must be integers or slices, not str
📄 Texto extraído (primeros 200 chars): INFORME TÉCNICO Proyecto: Modernización de infraestructura tecnológica. Responsable: Ingeniero de Sistemas Andrés López. Duración del proyecto: 5 años. Tecnologías implementadas: Docker Linux Servidor...
   ✅ Experiencia detectada: 5 años
   ✅ Tecnología detectada: docker
📦 Total hechos guardados: 3

============================================================
📄 Procesando documento: prueba 3 (1).pdf
📊 HECHOS EXTRAÍDOS (3):
   - nombre: Sistemas Andrés
   - experiencia_anios: 5
   - tecnologia: docker

📋 REGLAS ENCONTRADAS (5):
   - Experiencia > 4 años: +10
     Condiciones: [{'atributo': 'experiencia_anios', 'operador': '>', 'valor': 4}]
   - Sabe Python: +8
     Condiciones: [{'atributo': 'tecnologia', 'operador': 'contains', 'valor': 'python'}]
   - Sabe Docker: +5
     Condiciones: [{'atributo': 'tecnologia', 'operador': 'contains', 'valor': 'docker'}]
   - Sabe Kubernetes: +7
     Condiciones: [{'atributo': 'tecnologia', 'operador': 'contains', 'valor': 'kubernetes'}]
   - Sabe AWS: +6
     Condiciones: [{'atributo': 'tecnologia', 'operador': 'contains', 'valor': 'aws'}]

🔍 Hechos agrupados:
  Sistemas Andrés: {'nombre': 'Sistemas Andrés', 'experiencia_anios': '5', 'tecnologia': 'docker'}

📋 Reglas a evaluar (5):
  - Experiencia > 4 años → [{'atributo': 'experiencia_anios', 'operador': '>', 'valor': 4}] → +10 pts
  - Sabe Python → [{'atributo': 'tecnologia', 'operador': 'contains', 'valor': 'python'}] → +8 pts
  - Sabe Docker → [{'atributo': 'tecnologia', 'operador': 'contains', 'valor': 'docker'}] → +5 pts
  - Sabe Kubernetes → [{'atributo': 'tecnologia', 'operador': 'contains', 'valor': 'kubernetes'}] → +7 pts
  - Sabe AWS → [{'atributo': 'tecnologia', 'operador': 'contains', 'valor': 'aws'}] → +6 pts
✅ Sistemas Andrés cumple Experiencia > 4 años
✅ Sistemas Andrés cumple Sabe Docker

🎯 RESULTADO DEL ANÁLISIS:
❌ Error al aplicar reglas: list indices must be integers or slices, not str
📄 Texto extraído (primeros 200 chars): Laura Martínez Analista de Datos Experiencia laboral: 5 años realizando análisis estadístico y procesamiento de datos. Herramientas: Python Pandas Power BI SQL Conocimientos: Machine Learning Visualiz...
   ✅ Experiencia detectada: 5 años
   ✅ Tecnología detectada: sql
   ✅ Tecnología detectada: python
📦 Total hechos guardados: 4

============================================================
📄 Procesando documento: prueba 3.pdf
📊 HECHOS EXTRAÍDOS (4):
   - nombre: Laura Martínez
   - experiencia_anios: 5
   - tecnologia: sql
   - tecnologia: python

📋 REGLAS ENCONTRADAS (5):
   - Experiencia > 4 años: +10
     Condiciones: [{'atributo': 'experiencia_anios', 'operador': '>', 'valor': 4}]
   - Sabe Python: +8
     Condiciones: [{'atributo': 'tecnologia', 'operador': 'contains', 'valor': 'python'}]
   - Sabe Docker: +5
     Condiciones: [{'atributo': 'tecnologia', 'operador': 'contains', 'valor': 'docker'}]
   - Sabe Kubernetes: +7
     Condiciones: [{'atributo': 'tecnologia', 'operador': 'contains', 'valor': 'kubernetes'}]
   - Sabe AWS: +6
     Condiciones: [{'atributo': 'tecnologia', 'operador': 'contains', 'valor': 'aws'}]

🔍 Hechos agrupados:
  Laura Martínez: {'nombre': 'Laura Martínez', 'experiencia_anios': '5', 'tecnologia': ['sql', 'python']}

📋 Reglas a evaluar (5):
  - Experiencia > 4 años → [{'atributo': 'experiencia_anios', 'operador': '>', 'valor': 4}] → +10 pts
  - Sabe Python → [{'atributo': 'tecnologia', 'operador': 'contains', 'valor': 'python'}] → +8 pts
  - Sabe Docker → [{'atributo': 'tecnologia', 'operador': 'contains', 'valor': 'docker'}] → +5 pts
  - Sabe Kubernetes → [{'atributo': 'tecnologia', 'operador': 'contains', 'valor': 'kubernetes'}] → +7 pts
  - Sabe AWS → [{'atributo': 'tecnologia', 'operador': 'contains', 'valor': 'aws'}] → +6 pts
✅ Laura Martínez cumple Experiencia > 4 años
✅ Laura Martínez cumple Sabe Python

🎯 RESULTADO DEL ANÁLISIS:
❌ Error al aplicar reglas: list indices must be integers or slices, not str
INFO:     127.0.0.1:61928 - "POST /upload HTTP/1.1" 500 Internal Server Error
INFO:     127.0.0.1:61930 - "POST /upload HTTP/1.1" 500 Internal Server Error
INFO:     127.0.0.1:61932 - "POST /upload HTTP/1.1" 500 Internal Server Error
INFO:     127.0.0.1:61934 - "POST /upload HTTP/1.1" 500 Internal Server Error
WARNING:  WatchFiles detected changes in 'app/api/routes.py'. Reloading...
INFO:     Shutting down
INFO:     Waiting for application shutdown.
INFO:     Application shutdown complete.
INFO:     Finished server process [25237]
/Users/luialvarado/Documents/GitHub/Docmind_IA/backend/.venv/lib/python3.9/site-packages/google/oauth2/__init__.py:40: FutureWarning: You are using a Python version 3.9 past its end of life. Google will update google-auth with critical bug fixes on a best-effort basis, but not with any other fixes or features. Please upgrade your Python version, and then update google-auth.
  warnings.warn(eol_message.format("3.9"), FutureWarning)
/Users/luialvarado/Documents/GitHub/Docmind_IA/backend/.venv/lib/python3.9/site-packages/google/auth/__init__.py:54: FutureWarning: You are using a Python version 3.9 past its end of life. Google will update google-auth with critical bug fixes on a best-effort basis, but not with any other fixes or features. Please upgrade your Python version, and then update google-auth.
  warnings.warn(eol_message.format("3.9"), FutureWarning)
/Users/luialvarado/Documents/GitHub/Docmind_IA/backend/.venv/lib/python3.9/site-packages/urllib3/__init__.py:35: NotOpenSSLWarning: urllib3 v2 only supports OpenSSL 1.1.1+, currently the 'ssl' module is compiled with 'LibreSSL 2.8.3'. See: https://github.com/urllib3/urllib3/issues/3020
  warnings.warn(
INFO:     Started server process [25249]
INFO:     Waiting for application startup.
INFO:     Application startup complete.
WARNING:  WatchFiles detected changes in 'app/api/routes.py'. Reloading...
INFO:     Shutting down
INFO:     Waiting for application shutdown.
INFO:     Application shutdown complete.
INFO:     Finished server process [25249]
/Users/luialvarado/Documents/GitHub/Docmind_IA/backend/.venv/lib/python3.9/site-packages/google/oauth2/__init__.py:40: FutureWarning: You are using a Python version 3.9 past its end of life. Google will update google-auth with critical bug fixes on a best-effort basis, but not with any other fixes or features. Please upgrade your Python version, and then update google-auth.
  warnings.warn(eol_message.format("3.9"), FutureWarning)
/Users/luialvarado/Documents/GitHub/Docmind_IA/backend/.venv/lib/python3.9/site-packages/google/auth/__init__.py:54: FutureWarning: You are using a Python version 3.9 past its end of life. Google will update google-auth with critical bug fixes on a best-effort basis, but not with any other fixes or features. Please upgrade your Python version, and then update google-auth.
  warnings.warn(eol_message.format("3.9"), FutureWarning)
/Users/luialvarado/Documents/GitHub/Docmind_IA/backend/.venv/lib/python3.9/site-packages/urllib3/__init__.py:35: NotOpenSSLWarning: urllib3 v2 only supports OpenSSL 1.1.1+, currently the 'ssl' module is compiled with 'LibreSSL 2.8.3'. See: https://github.com/urllib3/urllib3/issues/3020
  warnings.warn(
INFO:     Started server process [25254]
INFO:     Waiting for application startup.
INFO:     Application startup complete.
WARNING:  WatchFiles detected changes in 'app/api/routes.py'. Reloading...
INFO:     Shutting down
INFO:     Waiting for application shutdown.
INFO:     Application shutdown complete.
INFO:     Finished server process [25254]
Process SpawnProcess-24:
Traceback (most recent call last):
  File "/Library/Developer/CommandLineTools/Library/Frameworks/Python3.framework/Versions/3.9/lib/python3.9/multiprocessing/process.py", line 315, in _bootstrap
    self.run()
  File "/Library/Developer/CommandLineTools/Library/Frameworks/Python3.framework/Versions/3.9/lib/python3.9/multiprocessing/process.py", line 108, in run
    self._target(*self._args, **self._kwargs)
  File "/Users/luialvarado/Documents/GitHub/Docmind_IA/backend/.venv/lib/python3.9/site-packages/uvicorn/_subprocess.py", line 80, in subprocess_started
    target(sockets=sockets)
  File "/Users/luialvarado/Documents/GitHub/Docmind_IA/backend/.venv/lib/python3.9/site-packages/uvicorn/server.py", line 65, in run
    return asyncio.run(self.serve(sockets=sockets))
  File "/Library/Developer/CommandLineTools/Library/Frameworks/Python3.framework/Versions/3.9/lib/python3.9/asyncio/runners.py", line 44, in run
    return loop.run_until_complete(main)
  File "uvloop/loop.pyx", line 1518, in uvloop.loop.Loop.run_until_complete
  File "/Users/luialvarado/Documents/GitHub/Docmind_IA/backend/.venv/lib/python3.9/site-packages/uvicorn/server.py", line 69, in serve
    await self._serve(sockets)
  File "/Users/luialvarado/Documents/GitHub/Docmind_IA/backend/.venv/lib/python3.9/site-packages/uvicorn/server.py", line 76, in _serve
    config.load()
  File "/Users/luialvarado/Documents/GitHub/Docmind_IA/backend/.venv/lib/python3.9/site-packages/uvicorn/config.py", line 434, in load
    self.loaded_app = import_from_string(self.app)
  File "/Users/luialvarado/Documents/GitHub/Docmind_IA/backend/.venv/lib/python3.9/site-packages/uvicorn/importer.py", line 19, in import_from_string
    module = importlib.import_module(module_str)
  File "/Library/Developer/CommandLineTools/Library/Frameworks/Python3.framework/Versions/3.9/lib/python3.9/importlib/__init__.py", line 127, in import_module
    return _bootstrap._gcd_import(name[level:], package, level)
  File "<frozen importlib._bootstrap>", line 1030, in _gcd_import
  File "<frozen importlib._bootstrap>", line 1007, in _find_and_load
  File "<frozen importlib._bootstrap>", line 986, in _find_and_load_unlocked
  File "<frozen importlib._bootstrap>", line 680, in _load_unlocked
  File "<frozen importlib._bootstrap_external>", line 850, in exec_module
  File "<frozen importlib._bootstrap>", line 228, in _call_with_frames_removed
  File "/Users/luialvarado/Documents/GitHub/Docmind_IA/backend/app/main.py", line 4, in <module>
    from app.api.routes import router
ImportError: cannot import name 'router' from 'app.api.routes' (/Users/luialvarado/Documents/GitHub/Docmind_IA/backend/app/api/routes.py)
WARNING:  WatchFiles detected changes in 'app/api/routes.py'. Reloading...
/Users/luialvarado/Documents/GitHub/Docmind_IA/backend/.venv/lib/python3.9/site-packages/google/oauth2/__init__.py:40: FutureWarning: You are using a Python version 3.9 past its end of life. Google will update google-auth with critical bug fixes on a best-effort basis, but not with any other fixes or features. Please upgrade your Python version, and then update google-auth.
  warnings.warn(eol_message.format("3.9"), FutureWarning)
/Users/luialvarado/Documents/GitHub/Docmind_IA/backend/.venv/lib/python3.9/site-packages/google/auth/__init__.py:54: FutureWarning: You are using a Python version 3.9 past its end of life. Google will update google-auth with critical bug fixes on a best-effort basis, but not with any other fixes or features. Please upgrade your Python version, and then update google-auth.
  warnings.warn(eol_message.format("3.9"), FutureWarning)
/Users/luialvarado/Documents/GitHub/Docmind_IA/backend/.venv/lib/python3.9/site-packages/urllib3/__init__.py:35: NotOpenSSLWarning: urllib3 v2 only supports OpenSSL 1.1.1+, currently the 'ssl' module is compiled with 'LibreSSL 2.8.3'. See: https://github.com/urllib3/urllib3/issues/3020
  warnings.warn(
INFO:     Started server process [25256]
INFO:     Waiting for application startup.
INFO:     Application startup complete.
INFO:     127.0.0.1:62133 - "GET /documents HTTP/1.1" 200 OK
INFO:     127.0.0.1:62134 - "GET /chat/conversations HTTP/1.1" 200 OK
WARNING:  WatchFiles detected changes in 'app/api/routes.py'. Reloading...
INFO:     Shutting down
INFO:     Waiting for application shutdown.
INFO:     Application shutdown complete.
INFO:     Finished server process [25256]
/Users/luialvarado/Documents/GitHub/Docmind_IA/backend/.venv/lib/python3.9/site-packages/google/oauth2/__init__.py:40: FutureWarning: You are using a Python version 3.9 past its end of life. Google will update google-auth with critical bug fixes on a best-effort basis, but not with any other fixes or features. Please upgrade your Python version, and then update google-auth.
  warnings.warn(eol_message.format("3.9"), FutureWarning)
/Users/luialvarado/Documents/GitHub/Docmind_IA/backend/.venv/lib/python3.9/site-packages/google/auth/__init__.py:54: FutureWarning: You are using a Python version 3.9 past its end of life. Google will update google-auth with critical bug fixes on a best-effort basis, but not with any other fixes or features. Please upgrade your Python version, and then update google-auth.
  warnings.warn(eol_message.format("3.9"), FutureWarning)
/Users/luialvarado/Documents/GitHub/Docmind_IA/backend/.venv/lib/python3.9/site-packages/urllib3/__init__.py:35: NotOpenSSLWarning: urllib3 v2 only supports OpenSSL 1.1.1+, currently the 'ssl' module is compiled with 'LibreSSL 2.8.3'. See: https://github.com/urllib3/urllib3/issues/3020
  warnings.warn(
INFO:     Started server process [25299]
INFO:     Waiting for application startup.
INFO:     Application startup complete.
WARNING:  WatchFiles detected changes in 'app/api/routes.py'. Reloading...
INFO:     Shutting down
INFO:     Waiting for application shutdown.
INFO:     Application shutdown complete.
INFO:     Finished server process [25299]
/Users/luialvarado/Documents/GitHub/Docmind_IA/backend/.venv/lib/python3.9/site-packages/google/oauth2/__init__.py:40: FutureWarning: You are using a Python version 3.9 past its end of life. Google will update google-auth with critical bug fixes on a best-effort basis, but not with any other fixes or features. Please upgrade your Python version, and then update google-auth.
  warnings.warn(eol_message.format("3.9"), FutureWarning)
/Users/luialvarado/Documents/GitHub/Docmind_IA/backend/.venv/lib/python3.9/site-packages/google/auth/__init__.py:54: FutureWarning: You are using a Python version 3.9 past its end of life. Google will update google-auth with critical bug fixes on a best-effort basis, but not with any other fixes or features. Please upgrade your Python version, and then update google-auth.
  warnings.warn(eol_message.format("3.9"), FutureWarning)
/Users/luialvarado/Documents/GitHub/Docmind_IA/backend/.venv/lib/python3.9/site-packages/urllib3/__init__.py:35: NotOpenSSLWarning: urllib3 v2 only supports OpenSSL 1.1.1+, currently the 'ssl' module is compiled with 'LibreSSL 2.8.3'. See: https://github.com/urllib3/urllib3/issues/3020
  warnings.warn(
INFO:     Started server process [25304]
INFO:     Waiting for application startup.
INFO:     Application startup complete.
INFO:     127.0.0.1:62504 - "GET /chat/conversations HTTP/1.1" 200 OK
INFO:     127.0.0.1:62502 - "GET /documents HTTP/1.1" 200 OK
INFO:     127.0.0.1:62502 - "OPTIONS /documents/clear HTTP/1.1" 200 OK
INFO:     127.0.0.1:62504 - "DELETE /documents/clear HTTP/1.1" 200 OK
INFO:     127.0.0.1:62504 - "GET /documents HTTP/1.1" 200 OK
📄 Texto extraído (primeros 200 chars): Mariana Torres Perfil: Estudiante de Ingeniería de Sistemas. Experiencia: 1 año de prácticas universitarias. Tecnologías: HTML CSS JavaScript React Intereses: Desarrollo frontend y diseño UI/UX. ...
   ✅ Experiencia detectada: 1 años
   ✅ Tecnología detectada: html css javascript react intereses: desarrollo frontend y diseño ui/ux
📦 Total hechos guardados: 3

🔍 Hechos agrupados:
  Mariana Torres: {'nombre': 'Mariana Torres', 'experiencia_anios': '1', 'tecnologia': 'html css javascript react intereses: desarrollo frontend y diseño ui/ux'}

📋 Reglas a evaluar (5):
  - Experiencia > 4 años → [{'atributo': 'experiencia_anios', 'operador': '>', 'valor': 4}] → +10 pts
  - Sabe Python → [{'atributo': 'tecnologia', 'operador': 'contains', 'valor': 'python'}] → +8 pts
  - Sabe Docker → [{'atributo': 'tecnologia', 'operador': 'contains', 'valor': 'docker'}] → +5 pts
  - Sabe Kubernetes → [{'atributo': 'tecnologia', 'operador': 'contains', 'valor': 'kubernetes'}] → +7 pts
  - Sabe AWS → [{'atributo': 'tecnologia', 'operador': 'contains', 'valor': 'aws'}] → +6 pts
📄 Texto extraído (primeros 200 chars): Laura Martínez Analista de Datos Experiencia laboral: 5 años realizando análisis estadístico y procesamiento de datos. Herramientas: Python Pandas Power BI SQL Conocimientos: Machine Learning Visualiz...
   ✅ Experiencia detectada: 5 años
   ✅ Tecnología detectada: python
   ✅ Tecnología detectada: sql
📦 Total hechos guardados: 4

🔍 Hechos agrupados:
  Laura Martínez: {'nombre': 'Laura Martínez', 'experiencia_anios': '5', 'tecnologia': ['python', 'sql']}

📋 Reglas a evaluar (5):
  - Experiencia > 4 años → [{'atributo': 'experiencia_anios', 'operador': '>', 'valor': 4}] → +10 pts
  - Sabe Python → [{'atributo': 'tecnologia', 'operador': 'contains', 'valor': 'python'}] → +8 pts
  - Sabe Docker → [{'atributo': 'tecnologia', 'operador': 'contains', 'valor': 'docker'}] → +5 pts
  - Sabe Kubernetes → [{'atributo': 'tecnologia', 'operador': 'contains', 'valor': 'kubernetes'}] → +7 pts
  - Sabe AWS → [{'atributo': 'tecnologia', 'operador': 'contains', 'valor': 'aws'}] → +6 pts
✅ Laura Martínez cumple Experiencia > 4 años
✅ Laura Martínez cumple Sabe Python
📄 Texto extraído (primeros 200 chars): INFORME TÉCNICO Proyecto: Modernización de infraestructura tecnológica. Responsable: Ingeniero de Sistemas Andrés López. Duración del proyecto: 5 años. Tecnologías implementadas: Docker Linux Servidor...
   ✅ Experiencia detectada: 5 años
   ✅ Tecnología detectada: docker
📦 Total hechos guardados: 3

🔍 Hechos agrupados:
  Sistemas Andrés: {'nombre': 'Sistemas Andrés', 'experiencia_anios': '5', 'tecnologia': 'docker'}

📋 Reglas a evaluar (5):
  - Experiencia > 4 años → [{'atributo': 'experiencia_anios', 'operador': '>', 'valor': 4}] → +10 pts
  - Sabe Python → [{'atributo': 'tecnologia', 'operador': 'contains', 'valor': 'python'}] → +8 pts
  - Sabe Docker → [{'atributo': 'tecnologia', 'operador': 'contains', 'valor': 'docker'}] → +5 pts
  - Sabe Kubernetes → [{'atributo': 'tecnologia', 'operador': 'contains', 'valor': 'kubernetes'}] → +7 pts
  - Sabe AWS → [{'atributo': 'tecnologia', 'operador': 'contains', 'valor': 'aws'}] → +6 pts
✅ Sistemas Andrés cumple Experiencia > 4 años
✅ Sistemas Andrés cumple Sabe Docker
📄 Texto extraído (primeros 200 chars): Carlos Ramírez Ingeniero de Software Perfil Profesional: Desarrollador backend especializado en microservicios y APIs REST. Experiencia: 3 años trabajando con Python, FastAPI y PostgreSQL. Tecnologías...
   ✅ Experiencia detectada: 3 años
   ✅ Tecnología detectada: docker kubernetes react aws
📦 Total hechos guardados: 3

🔍 Hechos agrupados:
  Carlos Ramírez: {'nombre': 'Carlos Ramírez', 'experiencia_anios': '3', 'tecnologia': 'docker kubernetes react aws'}

📋 Reglas a evaluar (5):
  - Experiencia > 4 años → [{'atributo': 'experiencia_anios', 'operador': '>', 'valor': 4}] → +10 pts
  - Sabe Python → [{'atributo': 'tecnologia', 'operador': 'contains', 'valor': 'python'}] → +8 pts
  - Sabe Docker → [{'atributo': 'tecnologia', 'operador': 'contains', 'valor': 'docker'}] → +5 pts
  - Sabe Kubernetes → [{'atributo': 'tecnologia', 'operador': 'contains', 'valor': 'kubernetes'}] → +7 pts
  - Sabe AWS → [{'atributo': 'tecnologia', 'operador': 'contains', 'valor': 'aws'}] → +6 pts
✅ Carlos Ramírez cumple Sabe Docker
✅ Carlos Ramírez cumple Sabe Kubernetes
✅ Carlos Ramírez cumple Sabe AWS
📄 Texto extraído (primeros 200 chars): María González Ingeniero de Software Senior Perfil Profesional: Arquitecta de soluciones cloud con enfoque en sistemas distribuidos y liderazgo técnico. PMP certificada con experiencia en metodologías...
   ✅ Experiencia detectada: 5 años
   ✅ Tecnología detectada: java
   ✅ Tecnología detectada: react
   ✅ Tecnología detectada: aws
   ✅ Tecnología detectada: python
   ✅ Tecnología detectada: typescript
   ✅ Tecnología detectada: sql
   ✅ Tecnología detectada: kubernetes
   ✅ Tecnología detectada: docker
📦 Total hechos guardados: 10

🔍 Hechos agrupados:
  María González: {'nombre': 'María González', 'experiencia_anios': '5', 'tecnologia': ['java', 'react', 'aws', 'python', 'typescript', 'sql', 'kubernetes', 'docker']}

📋 Reglas a evaluar (5):
  - Experiencia > 4 años → [{'atributo': 'experiencia_anios', 'operador': '>', 'valor': 4}] → +10 pts
  - Sabe Python → [{'atributo': 'tecnologia', 'operador': 'contains', 'valor': 'python'}] → +8 pts
  - Sabe Docker → [{'atributo': 'tecnologia', 'operador': 'contains', 'valor': 'docker'}] → +5 pts
  - Sabe Kubernetes → [{'atributo': 'tecnologia', 'operador': 'contains', 'valor': 'kubernetes'}] → +7 pts
  - Sabe AWS → [{'atributo': 'tecnologia', 'operador': 'contains', 'valor': 'aws'}] → +6 pts
✅ María González cumple Experiencia > 4 años
✅ María González cumple Sabe Python
✅ María González cumple Sabe Docker
✅ María González cumple Sabe Kubernetes
✅ María González cumple Sabe AWS
INFO:     127.0.0.1:62552 - "POST /upload HTTP/1.1" 200 OK
INFO:     127.0.0.1:62554 - "POST /upload HTTP/1.1" 200 OK
INFO:     127.0.0.1:62556 - "POST /upload HTTP/1.1" 200 OK
INFO:     127.0.0.1:62558 - "POST /upload HTTP/1.1" 200 OK
INFO:     127.0.0.1:62560 - "POST /upload HTTP/1.1" 200 OK
INFO:     127.0.0.1:62554 - "GET /documents HTTP/1.1" 200 OK
INFO:     127.0.0.1:62554 - "GET /documents HTTP/1.1" 200 OK
INFO:     127.0.0.1:62554 - "GET /documents HTTP/1.1" 200 OK
INFO:     127.0.0.1:62554 - "GET /documents HTTP/1.1" 200 OK
INFO:     127.0.0.1:62554 - "GET /documents HTTP/1.1" 200 OK
WARNING:  WatchFiles detected changes in 'app/api/routes.py'. Reloading...
INFO:     Shutting down
INFO:     Waiting for application shutdown.
INFO:     Application shutdown complete.
INFO:     Finished server process [25304]
/Users/luialvarado/Documents/GitHub/Docmind_IA/backend/.venv/lib/python3.9/site-packages/google/oauth2/__init__.py:40: FutureWarning: You are using a Python version 3.9 past its end of life. Google will update google-auth with critical bug fixes on a best-effort basis, but not with any other fixes or features. Please upgrade your Python version, and then update google-auth.
  warnings.warn(eol_message.format("3.9"), FutureWarning)
/Users/luialvarado/Documents/GitHub/Docmind_IA/backend/.venv/lib/python3.9/site-packages/google/auth/__init__.py:54: FutureWarning: You are using a Python version 3.9 past its end of life. Google will update google-auth with critical bug fixes on a best-effort basis, but not with any other fixes or features. Please upgrade your Python version, and then update google-auth.
  warnings.warn(eol_message.format("3.9"), FutureWarning)
/Users/luialvarado/Documents/GitHub/Docmind_IA/backend/.venv/lib/python3.9/site-packages/urllib3/__init__.py:35: NotOpenSSLWarning: urllib3 v2 only supports OpenSSL 1.1.1+, currently the 'ssl' module is compiled with 'LibreSSL 2.8.3'. See: https://github.com/urllib3/urllib3/issues/3020
  warnings.warn(
INFO:     Started server process [25367]
INFO:     Waiting for application startup.
INFO:     Application startup complete.
WARNING:  WatchFiles detected changes in 'app/api/routes.py'. Reloading...
INFO:     Shutting down
INFO:     Waiting for application shutdown.
INFO:     Application shutdown complete.
INFO:     Finished server process [25367]
/Users/luialvarado/Documents/GitHub/Docmind_IA/backend/.venv/lib/python3.9/site-packages/google/oauth2/__init__.py:40: FutureWarning: You are using a Python version 3.9 past its end of life. Google will update google-auth with critical bug fixes on a best-effort basis, but not with any other fixes or features. Please upgrade your Python version, and then update google-auth.
  warnings.warn(eol_message.format("3.9"), FutureWarning)
/Users/luialvarado/Documents/GitHub/Docmind_IA/backend/.venv/lib/python3.9/site-packages/google/auth/__init__.py:54: FutureWarning: You are using a Python version 3.9 past its end of life. Google will update google-auth with critical bug fixes on a best-effort basis, but not with any other fixes or features. Please upgrade your Python version, and then update google-auth.
  warnings.warn(eol_message.format("3.9"), FutureWarning)
/Users/luialvarado/Documents/GitHub/Docmind_IA/backend/.venv/lib/python3.9/site-packages/urllib3/__init__.py:35: NotOpenSSLWarning: urllib3 v2 only supports OpenSSL 1.1.1+, currently the 'ssl' module is compiled with 'LibreSSL 2.8.3'. See: https://github.com/urllib3/urllib3/issues/3020
  warnings.warn(
INFO:     Started server process [25372]
INFO:     Waiting for application startup.
INFO:     Application startup complete.
INFO:     127.0.0.1:63352 - "OPTIONS /documents HTTP/1.1" 200 OK
INFO:     127.0.0.1:63353 - "OPTIONS /chat/conversations HTTP/1.1" 200 OK
INFO:     127.0.0.1:63353 - "GET /chat/conversations HTTP/1.1" 401 Unauthorized
INFO:     127.0.0.1:63352 - "GET /documents HTTP/1.1" 401 Unauthorized
INFO:     127.0.0.1:63352 - "OPTIONS /auth/login HTTP/1.1" 200 OK
INFO:     127.0.0.1:63353 - "POST /auth/login HTTP/1.1" 200 OK
INFO:     127.0.0.1:63352 - "GET /chat/conversations HTTP/1.1" 200 OK
INFO:     127.0.0.1:63353 - "GET /documents HTTP/1.1" 200 OK
WARNING:  WatchFiles detected changes in 'app/api/routes.py'. Reloading...
INFO:     Shutting down
INFO:     Waiting for application shutdown.
INFO:     Application shutdown complete.
INFO:     Finished server process [25372]
/Users/luialvarado/Documents/GitHub/Docmind_IA/backend/.venv/lib/python3.9/site-packages/google/oauth2/__init__.py:40: FutureWarning: You are using a Python version 3.9 past its end of life. Google will update google-auth with critical bug fixes on a best-effort basis, but not with any other fixes or features. Please upgrade your Python version, and then update google-auth.
  warnings.warn(eol_message.format("3.9"), FutureWarning)
/Users/luialvarado/Documents/GitHub/Docmind_IA/backend/.venv/lib/python3.9/site-packages/google/auth/__init__.py:54: FutureWarning: You are using a Python version 3.9 past its end of life. Google will update google-auth with critical bug fixes on a best-effort basis, but not with any other fixes or features. Please upgrade your Python version, and then update google-auth.
  warnings.warn(eol_message.format("3.9"), FutureWarning)
/Users/luialvarado/Documents/GitHub/Docmind_IA/backend/.venv/lib/python3.9/site-packages/urllib3/__init__.py:35: NotOpenSSLWarning: urllib3 v2 only supports OpenSSL 1.1.1+, currently the 'ssl' module is compiled with 'LibreSSL 2.8.3'. See: https://github.com/urllib3/urllib3/issues/3020
  warnings.warn(
INFO:     Started server process [25378]
INFO:     Waiting for application startup.
INFO:     Application startup complete.
WARNING:  WatchFiles detected changes in 'app/api/routes.py'. Reloading...
INFO:     Shutting down
INFO:     Waiting for application shutdown.
INFO:     Application shutdown complete.
INFO:     Finished server process [25378]
/Users/luialvarado/Documents/GitHub/Docmind_IA/backend/.venv/lib/python3.9/site-packages/google/oauth2/__init__.py:40: FutureWarning: You are using a Python version 3.9 past its end of life. Google will update google-auth with critical bug fixes on a best-effort basis, but not with any other fixes or features. Please upgrade your Python version, and then update google-auth.
  warnings.warn(eol_message.format("3.9"), FutureWarning)
/Users/luialvarado/Documents/GitHub/Docmind_IA/backend/.venv/lib/python3.9/site-packages/google/auth/__init__.py:54: FutureWarning: You are using a Python version 3.9 past its end of life. Google will update google-auth with critical bug fixes on a best-effort basis, but not with any other fixes or features. Please upgrade your Python version, and then update google-auth.
  warnings.warn(eol_message.format("3.9"), FutureWarning)
/Users/luialvarado/Documents/GitHub/Docmind_IA/backend/.venv/lib/python3.9/site-packages/urllib3/__init__.py:35: NotOpenSSLWarning: urllib3 v2 only supports OpenSSL 1.1.1+, currently the 'ssl' module is compiled with 'LibreSSL 2.8.3'. See: https://github.com/urllib3/urllib3/issues/3020
  warnings.warn(
INFO:     Started server process [25384]
INFO:     Waiting for application startup.
INFO:     Application startup complete.
INFO:     127.0.0.1:63465 - "GET /chat/conversations HTTP/1.1" 200 OK
INFO:     127.0.0.1:63464 - "GET /documents HTTP/1.1" 200 OK
WARNING:  WatchFiles detected changes in 'app/extraction/extractor.py', 'app/api/routes.py', 'app/models/conversacion.py', 'app/routers/auth.py', 'app/main.py', 'app/models/document.py', 'app/rules/engine.py', 'app/utils/dependencies.py', 'app/routers/chat.py', 'app/utils/auth.py'. Reloading...
INFO:     Shutting down
INFO:     Waiting for application shutdown.
INFO:     Application shutdown complete.
INFO:     Finished server process [25384]
/Users/luialvarado/Documents/GitHub/Docmind_IA/backend/.venv/lib/python3.9/site-packages/google/oauth2/__init__.py:40: FutureWarning: You are using a Python version 3.9 past its end of life. Google will update google-auth with critical bug fixes on a best-effort basis, but not with any other fixes or features. Please upgrade your Python version, and then update google-auth.
  warnings.warn(eol_message.format("3.9"), FutureWarning)
/Users/luialvarado/Documents/GitHub/Docmind_IA/backend/.venv/lib/python3.9/site-packages/google/auth/__init__.py:54: FutureWarning: You are using a Python version 3.9 past its end of life. Google will update google-auth with critical bug fixes on a best-effort basis, but not with any other fixes or features. Please upgrade your Python version, and then update google-auth.
  warnings.warn(eol_message.format("3.9"), FutureWarning)
/Users/luialvarado/Documents/GitHub/Docmind_IA/backend/.venv/lib/python3.9/site-packages/urllib3/__init__.py:35: NotOpenSSLWarning: urllib3 v2 only supports OpenSSL 1.1.1+, currently the 'ssl' module is compiled with 'LibreSSL 2.8.3'. See: https://github.com/urllib3/urllib3/issues/3020
  warnings.warn(
INFO:     Started server process [25473]
INFO:     Waiting for application startup.
INFO:     Application startup complete.
WARNING:  WatchFiles detected changes in 'app/routers/chat.py', 'app/api/routes.py', 'app/models/conversacion.py', 'app/models/mensaje.py', 'app/extraction/extractor.py', 'app/main.py'. Reloading...
INFO:     Shutting down
INFO:     Waiting for application shutdown.
INFO:     Application shutdown complete.
INFO:     Finished server process [25473]
Process SpawnProcess-33:
Traceback (most recent call last):
  File "/Library/Developer/CommandLineTools/Library/Frameworks/Python3.framework/Versions/3.9/lib/python3.9/multiprocessing/process.py", line 315, in _bootstrap
    self.run()
  File "/Library/Developer/CommandLineTools/Library/Frameworks/Python3.framework/Versions/3.9/lib/python3.9/multiprocessing/process.py", line 108, in run
    self._target(*self._args, **self._kwargs)
  File "/Users/luialvarado/Documents/GitHub/Docmind_IA/backend/.venv/lib/python3.9/site-packages/uvicorn/_subprocess.py", line 80, in subprocess_started
    target(sockets=sockets)
  File "/Users/luialvarado/Documents/GitHub/Docmind_IA/backend/.venv/lib/python3.9/site-packages/uvicorn/server.py", line 65, in run
    return asyncio.run(self.serve(sockets=sockets))
  File "/Library/Developer/CommandLineTools/Library/Frameworks/Python3.framework/Versions/3.9/lib/python3.9/asyncio/runners.py", line 44, in run
    return loop.run_until_complete(main)
  File "uvloop/loop.pyx", line 1518, in uvloop.loop.Loop.run_until_complete
  File "/Users/luialvarado/Documents/GitHub/Docmind_IA/backend/.venv/lib/python3.9/site-packages/uvicorn/server.py", line 69, in serve
    await self._serve(sockets)
  File "/Users/luialvarado/Documents/GitHub/Docmind_IA/backend/.venv/lib/python3.9/site-packages/uvicorn/server.py", line 76, in _serve
    config.load()
  File "/Users/luialvarado/Documents/GitHub/Docmind_IA/backend/.venv/lib/python3.9/site-packages/uvicorn/config.py", line 434, in load
    self.loaded_app = import_from_string(self.app)
  File "/Users/luialvarado/Documents/GitHub/Docmind_IA/backend/.venv/lib/python3.9/site-packages/uvicorn/importer.py", line 19, in import_from_string
    module = importlib.import_module(module_str)
  File "/Library/Developer/CommandLineTools/Library/Frameworks/Python3.framework/Versions/3.9/lib/python3.9/importlib/__init__.py", line 127, in import_module
    return _bootstrap._gcd_import(name[level:], package, level)
  File "<frozen importlib._bootstrap>", line 1030, in _gcd_import
  File "<frozen importlib._bootstrap>", line 1007, in _find_and_load
  File "<frozen importlib._bootstrap>", line 986, in _find_and_load_unlocked
  File "<frozen importlib._bootstrap>", line 680, in _load_unlocked
  File "<frozen importlib._bootstrap_external>", line 846, in exec_module
  File "<frozen importlib._bootstrap_external>", line 983, in get_code
  File "<frozen importlib._bootstrap_external>", line 913, in source_to_code
  File "<frozen importlib._bootstrap>", line 228, in _call_with_frames_removed
  File "/Users/luialvarado/Documents/GitHub/Docmind_IA/backend/app/main.py", line 74
    <<<<<<< HEAD
    ^
SyntaxError: invalid syntax
WARNING:  WatchFiles detected changes in 'app/api/routes.py'. Reloading...
Process SpawnProcess-34:
Traceback (most recent call last):
  File "/Library/Developer/CommandLineTools/Library/Frameworks/Python3.framework/Versions/3.9/lib/python3.9/multiprocessing/process.py", line 315, in _bootstrap
    self.run()
  File "/Library/Developer/CommandLineTools/Library/Frameworks/Python3.framework/Versions/3.9/lib/python3.9/multiprocessing/process.py", line 108, in run
    self._target(*self._args, **self._kwargs)
  File "/Users/luialvarado/Documents/GitHub/Docmind_IA/backend/.venv/lib/python3.9/site-packages/uvicorn/_subprocess.py", line 80, in subprocess_started
    target(sockets=sockets)
  File "/Users/luialvarado/Documents/GitHub/Docmind_IA/backend/.venv/lib/python3.9/site-packages/uvicorn/server.py", line 65, in run
    return asyncio.run(self.serve(sockets=sockets))
  File "/Library/Developer/CommandLineTools/Library/Frameworks/Python3.framework/Versions/3.9/lib/python3.9/asyncio/runners.py", line 44, in run
    return loop.run_until_complete(main)
  File "uvloop/loop.pyx", line 1518, in uvloop.loop.Loop.run_until_complete
  File "/Users/luialvarado/Documents/GitHub/Docmind_IA/backend/.venv/lib/python3.9/site-packages/uvicorn/server.py", line 69, in serve
    await self._serve(sockets)
  File "/Users/luialvarado/Documents/GitHub/Docmind_IA/backend/.venv/lib/python3.9/site-packages/uvicorn/server.py", line 76, in _serve
    config.load()
  File "/Users/luialvarado/Documents/GitHub/Docmind_IA/backend/.venv/lib/python3.9/site-packages/uvicorn/config.py", line 434, in load
    self.loaded_app = import_from_string(self.app)
  File "/Users/luialvarado/Documents/GitHub/Docmind_IA/backend/.venv/lib/python3.9/site-packages/uvicorn/importer.py", line 19, in import_from_string
    module = importlib.import_module(module_str)
  File "/Library/Developer/CommandLineTools/Library/Frameworks/Python3.framework/Versions/3.9/lib/python3.9/importlib/__init__.py", line 127, in import_module
    return _bootstrap._gcd_import(name[level:], package, level)
  File "<frozen importlib._bootstrap>", line 1030, in _gcd_import
  File "<frozen importlib._bootstrap>", line 1007, in _find_and_load
  File "<frozen importlib._bootstrap>", line 986, in _find_and_load_unlocked
  File "<frozen importlib._bootstrap>", line 680, in _load_unlocked
  File "<frozen importlib._bootstrap_external>", line 846, in exec_module
  File "<frozen importlib._bootstrap_external>", line 983, in get_code
  File "<frozen importlib._bootstrap_external>", line 913, in source_to_code
  File "<frozen importlib._bootstrap>", line 228, in _call_with_frames_removed
  File "/Users/luialvarado/Documents/GitHub/Docmind_IA/backend/app/main.py", line 74
    <<<<<<< HEAD
    ^
SyntaxError: invalid syntax
WARNING:  WatchFiles detected changes in 'app/routers/chat.py', 'app/api/routes.py', 'app/models/conversacion.py', 'app/models/mensaje.py', 'app/extraction/extractor.py', 'app/main.py'. Reloading...
/Users/luialvarado/Documents/GitHub/Docmind_IA/backend/.venv/lib/python3.9/site-packages/google/oauth2/__init__.py:40: FutureWarning: You are using a Python version 3.9 past its end of life. Google will update google-auth with critical bug fixes on a best-effort basis, but not with any other fixes or features. Please upgrade your Python version, and then update google-auth.
  warnings.warn(eol_message.format("3.9"), FutureWarning)
/Users/luialvarado/Documents/GitHub/Docmind_IA/backend/.venv/lib/python3.9/site-packages/google/auth/__init__.py:54: FutureWarning: You are using a Python version 3.9 past its end of life. Google will update google-auth with critical bug fixes on a best-effort basis, but not with any other fixes or features. Please upgrade your Python version, and then update google-auth.
  warnings.warn(eol_message.format("3.9"), FutureWarning)
/Users/luialvarado/Documents/GitHub/Docmind_IA/backend/.venv/lib/python3.9/site-packages/urllib3/__init__.py:35: NotOpenSSLWarning: urllib3 v2 only supports OpenSSL 1.1.1+, currently the 'ssl' module is compiled with 'LibreSSL 2.8.3'. See: https://github.com/urllib3/urllib3/issues/3020
  warnings.warn(
INFO:     Started server process [25583]
INFO:     Waiting for application startup.
INFO:     Application startup complete.
📄 Texto extraído (primeros 200 chars): Carlos Ramírez Ingeniero de Software Perfil Profesional: Desarrollador backend especializado en microservicios y APIs REST. Experiencia: 3 años trabajando con Python, FastAPI y PostgreSQL. Tecnologías...
   ✅ Experiencia detectada: 3 años
   ✅ Tecnología detectada: docker kubernetes react aws
📦 Total hechos guardados: 3

🔍 Hechos agrupados:
  Carlos Ramírez: {'nombre': 'Carlos Ramírez', 'experiencia_anios': '3', 'tecnologia': 'docker kubernetes react aws'}

📋 Reglas a evaluar (5):
  - Experiencia > 4 años → [{'atributo': 'experiencia_anios', 'operador': '>', 'valor': 4}] → +10 pts
  - Sabe Python → [{'atributo': 'tecnologia', 'operador': 'contains', 'valor': 'python'}] → +8 pts
  - Sabe Docker → [{'atributo': 'tecnologia', 'operador': 'contains', 'valor': 'docker'}] → +5 pts
  - Sabe Kubernetes → [{'atributo': 'tecnologia', 'operador': 'contains', 'valor': 'kubernetes'}] → +7 pts
  - Sabe AWS → [{'atributo': 'tecnologia', 'operador': 'contains', 'valor': 'aws'}] → +6 pts
✅ Carlos Ramírez cumple Sabe Docker
✅ Carlos Ramírez cumple Sabe Kubernetes
✅ Carlos Ramírez cumple Sabe AWS
📄 Texto extraído (primeros 200 chars): INFORME TÉCNICO Proyecto: Modernización de infraestructura tecnológica. Responsable: Ingeniero de Sistemas Andrés López. Duración del proyecto: 5 años. Tecnologías implementadas: Docker Linux Servidor...
   ✅ Experiencia detectada: 5 años
   ✅ Tecnología detectada: docker
📦 Total hechos guardados: 3

🔍 Hechos agrupados:
  Sistemas Andrés: {'nombre': 'Sistemas Andrés', 'experiencia_anios': '5', 'tecnologia': 'docker'}

📋 Reglas a evaluar (5):
  - Experiencia > 4 años → [{'atributo': 'experiencia_anios', 'operador': '>', 'valor': 4}] → +10 pts
  - Sabe Python → [{'atributo': 'tecnologia', 'operador': 'contains', 'valor': 'python'}] → +8 pts
  - Sabe Docker → [{'atributo': 'tecnologia', 'operador': 'contains', 'valor': 'docker'}] → +5 pts
  - Sabe Kubernetes → [{'atributo': 'tecnologia', 'operador': 'contains', 'valor': 'kubernetes'}] → +7 pts
  - Sabe AWS → [{'atributo': 'tecnologia', 'operador': 'contains', 'valor': 'aws'}] → +6 pts
✅ Sistemas Andrés cumple Experiencia > 4 años
✅ Sistemas Andrés cumple Sabe Docker
📄 Texto extraído (primeros 200 chars): Laura Martínez Analista de Datos Experiencia laboral: 5 años realizando análisis estadístico y procesamiento de datos. Herramientas: Python Pandas Power BI SQL Conocimientos: Machine Learning Visualiz...
   ✅ Experiencia detectada: 5 años
   ✅ Tecnología detectada: sql
   ✅ Tecnología detectada: python
📦 Total hechos guardados: 4

🔍 Hechos agrupados:
  Laura Martínez: {'nombre': 'Laura Martínez', 'experiencia_anios': '5', 'tecnologia': ['sql', 'python']}

📋 Reglas a evaluar (5):
  - Experiencia > 4 años → [{'atributo': 'experiencia_anios', 'operador': '>', 'valor': 4}] → +10 pts
  - Sabe Python → [{'atributo': 'tecnologia', 'operador': 'contains', 'valor': 'python'}] → +8 pts
  - Sabe Docker → [{'atributo': 'tecnologia', 'operador': 'contains', 'valor': 'docker'}] → +5 pts
  - Sabe Kubernetes → [{'atributo': 'tecnologia', 'operador': 'contains', 'valor': 'kubernetes'}] → +7 pts
  - Sabe AWS → [{'atributo': 'tecnologia', 'operador': 'contains', 'valor': 'aws'}] → +6 pts
✅ Laura Martínez cumple Experiencia > 4 años
✅ Laura Martínez cumple Sabe Python
📄 Texto extraído (primeros 200 chars): Mariana Torres Perfil: Estudiante de Ingeniería de Sistemas. Experiencia: 1 año de prácticas universitarias. Tecnologías: HTML CSS JavaScript React Intereses: Desarrollo frontend y diseño UI/UX. ...
   ✅ Experiencia detectada: 1 años
   ✅ Tecnología detectada: html css javascript react intereses: desarrollo frontend y diseño ui/ux
📦 Total hechos guardados: 3

🔍 Hechos agrupados:
  Mariana Torres: {'nombre': 'Mariana Torres', 'experiencia_anios': '1', 'tecnologia': 'html css javascript react intereses: desarrollo frontend y diseño ui/ux'}

📋 Reglas a evaluar (5):
  - Experiencia > 4 años → [{'atributo': 'experiencia_anios', 'operador': '>', 'valor': 4}] → +10 pts
  - Sabe Python → [{'atributo': 'tecnologia', 'operador': 'contains', 'valor': 'python'}] → +8 pts
  - Sabe Docker → [{'atributo': 'tecnologia', 'operador': 'contains', 'valor': 'docker'}] → +5 pts
  - Sabe Kubernetes → [{'atributo': 'tecnologia', 'operador': 'contains', 'valor': 'kubernetes'}] → +7 pts
  - Sabe AWS → [{'atributo': 'tecnologia', 'operador': 'contains', 'valor': 'aws'}] → +6 pts
INFO:     127.0.0.1:64480 - "POST /upload HTTP/1.1" 200 OK
INFO:     127.0.0.1:64482 - "POST /upload HTTP/1.1" 200 OK
INFO:     127.0.0.1:64485 - "POST /upload HTTP/1.1" 200 OK
INFO:     127.0.0.1:64434 - "GET /chat/conversations HTTP/1.1" 200 OK
INFO:     127.0.0.1:64486 - "POST /upload HTTP/1.1" 200 OK
INFO:     127.0.0.1:64433 - "GET /documents HTTP/1.1" 200 OK
INFO:     127.0.0.1:64480 - "OPTIONS /chat HTTP/1.1" 200 OK
INFO:     127.0.0.1:64433 - "POST /chat HTTP/1.1" 307 Temporary Redirect
INFO:     127.0.0.1:64480 - "GET /documents HTTP/1.1" 200 OK
INFO:     127.0.0.1:64480 - "OPTIONS /chat/ HTTP/1.1" 200 OK
INFO:     127.0.0.1:64433 - "GET /documents HTTP/1.1" 200 OK
INFO:     127.0.0.1:64480 - "GET /documents HTTP/1.1" 200 OK
INFO:     127.0.0.1:64480 - "GET /documents HTTP/1.1" 200 OK
INFO:     127.0.0.1:64486 - "POST /chat/ HTTP/1.1" 200 OK
INFO:     127.0.0.1:64486 - "OPTIONS /chat/conversations HTTP/1.1" 200 OK
INFO:     127.0.0.1:64774 - "OPTIONS /chat/conversations/1/messages HTTP/1.1" 200 OK
INFO:     127.0.0.1:64486 - "GET /chat/conversations HTTP/1.1" 200 OK
INFO:     127.0.0.1:64774 - "GET /chat/conversations/1/messages HTTP/1.1" 200 OK
INFO:     127.0.0.1:64774 - "GET /chat/conversations/1/messages HTTP/1.1" 200 OK
INFO:     127.0.0.1:50723 - "OPTIONS /documents HTTP/1.1" 200 OK
INFO:     127.0.0.1:50724 - "GET /chat/conversations HTTP/1.1" 200 OK
INFO:     127.0.0.1:50723 - "GET /documents HTTP/1.1" 200 OK
INFO:     127.0.0.1:50724 - "GET /chat/conversations/1/messages HTTP/1.1" 200 OK
INFO:     127.0.0.1:50724 - "GET /chat/conversations/1/messages HTTP/1.1" 200 OK
INFO:     127.0.0.1:50726 - "OPTIONS /rules HTTP/1.1" 200 OK
INFO:     127.0.0.1:50777 - "OPTIONS /stats HTTP/1.1" 200 OK
INFO:     127.0.0.1:50726 - "OPTIONS /rules HTTP/1.1" 200 OK
INFO:     127.0.0.1:50779 - "OPTIONS /stats HTTP/1.1" 200 OK
INFO:     127.0.0.1:50780 - "GET /rules HTTP/1.1" 200 OK
INFO:     127.0.0.1:50782 - "GET /stats HTTP/1.1" 200 OK
INFO:     127.0.0.1:50782 - "GET /stats HTTP/1.1" 200 OK
INFO:     127.0.0.1:50779 - "GET /rules HTTP/1.1" 200 OK
INFO:     127.0.0.1:51755 - "OPTIONS /chat/conversations HTTP/1.1" 200 OK
INFO:     127.0.0.1:51755 - "GET /chat/conversations HTTP/1.1" 200 OK
INFO:     127.0.0.1:51755 - "OPTIONS /chat/conversations/1/messages HTTP/1.1" 200 OK
INFO:     127.0.0.1:51753 - "GET /documents HTTP/1.1" 200 OK
INFO:     127.0.0.1:51757 - "GET /chat/conversations/1/messages HTTP/1.1" 200 OK
INFO:     127.0.0.1:51757 - "GET /chat/conversations/1/messages HTTP/1.1" 200 OK
INFO:     127.0.0.1:51126 - "OPTIONS /documents HTTP/1.1" 200 OK
INFO:     127.0.0.1:51127 - "OPTIONS /chat/conversations HTTP/1.1" 200 OK
INFO:     127.0.0.1:51126 - "GET /documents HTTP/1.1" 401 Unauthorized
INFO:     127.0.0.1:51129 - "GET /chat/conversations HTTP/1.1" 401 Unauthorized
WARNING:  WatchFiles detected changes in 'app/routers/chat.py', 'app/api/routes.py', 'app/models/conversacion.py', 'app/models/mensaje.py', 'app/extraction/extractor.py', 'app/main.py'. Reloading...
INFO:     Shutting down
INFO:     Waiting for application shutdown.
INFO:     Application shutdown complete.
INFO:     Finished server process [25583]
Process SpawnProcess-36:
Traceback (most recent call last):
  File "/Library/Developer/CommandLineTools/Library/Frameworks/Python3.framework/Versions/3.9/lib/python3.9/multiprocessing/process.py", line 315, in _bootstrap
    self.run()
  File "/Library/Developer/CommandLineTools/Library/Frameworks/Python3.framework/Versions/3.9/lib/python3.9/multiprocessing/process.py", line 108, in run
    self._target(*self._args, **self._kwargs)
  File "/Users/luialvarado/Documents/GitHub/Docmind_IA/backend/.venv/lib/python3.9/site-packages/uvicorn/_subprocess.py", line 80, in subprocess_started
    target(sockets=sockets)
  File "/Users/luialvarado/Documents/GitHub/Docmind_IA/backend/.venv/lib/python3.9/site-packages/uvicorn/server.py", line 65, in run
    return asyncio.run(self.serve(sockets=sockets))
  File "/Library/Developer/CommandLineTools/Library/Frameworks/Python3.framework/Versions/3.9/lib/python3.9/asyncio/runners.py", line 44, in run
    return loop.run_until_complete(main)
  File "uvloop/loop.pyx", line 1518, in uvloop.loop.Loop.run_until_complete
  File "/Users/luialvarado/Documents/GitHub/Docmind_IA/backend/.venv/lib/python3.9/site-packages/uvicorn/server.py", line 69, in serve
    await self._serve(sockets)
  File "/Users/luialvarado/Documents/GitHub/Docmind_IA/backend/.venv/lib/python3.9/site-packages/uvicorn/server.py", line 76, in _serve
    config.load()
  File "/Users/luialvarado/Documents/GitHub/Docmind_IA/backend/.venv/lib/python3.9/site-packages/uvicorn/config.py", line 434, in load
    self.loaded_app = import_from_string(self.app)
  File "/Users/luialvarado/Documents/GitHub/Docmind_IA/backend/.venv/lib/python3.9/site-packages/uvicorn/importer.py", line 19, in import_from_string
    module = importlib.import_module(module_str)
  File "/Library/Developer/CommandLineTools/Library/Frameworks/Python3.framework/Versions/3.9/lib/python3.9/importlib/__init__.py", line 127, in import_module
    return _bootstrap._gcd_import(name[level:], package, level)
  File "<frozen importlib._bootstrap>", line 1030, in _gcd_import
  File "<frozen importlib._bootstrap>", line 1007, in _find_and_load
  File "<frozen importlib._bootstrap>", line 986, in _find_and_load_unlocked
  File "<frozen importlib._bootstrap>", line 680, in _load_unlocked
  File "<frozen importlib._bootstrap_external>", line 846, in exec_module
  File "<frozen importlib._bootstrap_external>", line 983, in get_code
  File "<frozen importlib._bootstrap_external>", line 913, in source_to_code
  File "<frozen importlib._bootstrap>", line 228, in _call_with_frames_removed
  File "/Users/luialvarado/Documents/GitHub/Docmind_IA/backend/app/main.py", line 74
    <<<<<<< HEAD
    ^
SyntaxError: invalid syntax
WARNING:  WatchFiles detected changes in 'app/routers/chat.py', 'app/api/routes.py', 'app/models/conversacion.py', 'app/models/mensaje.py', 'app/extraction/extractor.py', 'app/main.py'. Reloading...
/Users/luialvarado/Documents/GitHub/Docmind_IA/backend/.venv/lib/python3.9/site-packages/google/oauth2/__init__.py:40: FutureWarning: You are using a Python version 3.9 past its end of life. Google will update google-auth with critical bug fixes on a best-effort basis, but not with any other fixes or features. Please upgrade your Python version, and then update google-auth.
  warnings.warn(eol_message.format("3.9"), FutureWarning)
/Users/luialvarado/Documents/GitHub/Docmind_IA/backend/.venv/lib/python3.9/site-packages/google/auth/__init__.py:54: FutureWarning: You are using a Python version 3.9 past its end of life. Google will update google-auth with critical bug fixes on a best-effort basis, but not with any other fixes or features. Please upgrade your Python version, and then update google-auth.
  warnings.warn(eol_message.format("3.9"), FutureWarning)
/Users/luialvarado/Documents/GitHub/Docmind_IA/backend/.venv/lib/python3.9/site-packages/urllib3/__init__.py:35: NotOpenSSLWarning: urllib3 v2 only supports OpenSSL 1.1.1+, currently the 'ssl' module is compiled with 'LibreSSL 2.8.3'. See: https://github.com/urllib3/urllib3/issues/3020
  warnings.warn(
INFO:     Started server process [40459]
INFO:     Waiting for application startup.
INFO:     Application startup complete.
WARNING:  WatchFiles detected changes in 'app/routers/chat.py', 'app/api/routes.py', 'app/models/conversacion.py', 'app/models/mensaje.py', 'app/extraction/extractor.py', 'app/main.py'. Reloading...
INFO:     Shutting down
INFO:     Waiting for application shutdown.
INFO:     Application shutdown complete.
INFO:     Finished server process [40459]
Process SpawnProcess-38:
Traceback (most recent call last):
  File "/Library/Developer/CommandLineTools/Library/Frameworks/Python3.framework/Versions/3.9/lib/python3.9/multiprocessing/process.py", line 315, in _bootstrap
    self.run()
  File "/Library/Developer/CommandLineTools/Library/Frameworks/Python3.framework/Versions/3.9/lib/python3.9/multiprocessing/process.py", line 108, in run
    self._target(*self._args, **self._kwargs)
  File "/Users/luialvarado/Documents/GitHub/Docmind_IA/backend/.venv/lib/python3.9/site-packages/uvicorn/_subprocess.py", line 80, in subprocess_started
    target(sockets=sockets)
  File "/Users/luialvarado/Documents/GitHub/Docmind_IA/backend/.venv/lib/python3.9/site-packages/uvicorn/server.py", line 65, in run
    return asyncio.run(self.serve(sockets=sockets))
  File "/Library/Developer/CommandLineTools/Library/Frameworks/Python3.framework/Versions/3.9/lib/python3.9/asyncio/runners.py", line 44, in run
    return loop.run_until_complete(main)
  File "uvloop/loop.pyx", line 1518, in uvloop.loop.Loop.run_until_complete
  File "/Users/luialvarado/Documents/GitHub/Docmind_IA/backend/.venv/lib/python3.9/site-packages/uvicorn/server.py", line 69, in serve
    await self._serve(sockets)
  File "/Users/luialvarado/Documents/GitHub/Docmind_IA/backend/.venv/lib/python3.9/site-packages/uvicorn/server.py", line 76, in _serve
    config.load()
  File "/Users/luialvarado/Documents/GitHub/Docmind_IA/backend/.venv/lib/python3.9/site-packages/uvicorn/config.py", line 434, in load
    self.loaded_app = import_from_string(self.app)
  File "/Users/luialvarado/Documents/GitHub/Docmind_IA/backend/.venv/lib/python3.9/site-packages/uvicorn/importer.py", line 19, in import_from_string
    module = importlib.import_module(module_str)
  File "/Library/Developer/CommandLineTools/Library/Frameworks/Python3.framework/Versions/3.9/lib/python3.9/importlib/__init__.py", line 127, in import_module
    return _bootstrap._gcd_import(name[level:], package, level)
  File "<frozen importlib._bootstrap>", line 1030, in _gcd_import
  File "<frozen importlib._bootstrap>", line 1007, in _find_and_load
  File "<frozen importlib._bootstrap>", line 986, in _find_and_load_unlocked
  File "<frozen importlib._bootstrap>", line 680, in _load_unlocked
  File "<frozen importlib._bootstrap_external>", line 846, in exec_module
  File "<frozen importlib._bootstrap_external>", line 983, in get_code
  File "<frozen importlib._bootstrap_external>", line 913, in source_to_code
  File "<frozen importlib._bootstrap>", line 228, in _call_with_frames_removed
  File "/Users/luialvarado/Documents/GitHub/Docmind_IA/backend/app/main.py", line 74
    <<<<<<< HEAD
    ^
SyntaxError: invalid syntax
